Region,Upplatelseform,ContentsCode,Tid,value
0180C1010,hyresrätt,Antal,2024,974
0180C1010,bostadsrätt,Antal,2024,83
0180C1010,äganderätt,Antal,2024,30
0180C1010,uppgift saknas,Antal,2024,0
0180C1020,hyresrätt,Antal,2024,671
0180C1020,bostadsrätt,Antal,2024,237
0180C1020,äganderätt,Antal,2024,0
0180C1020,uppgift saknas,Antal,2024,0
0180C1030,hyresrätt,Antal,2024,168
0180C1030,bostadsrätt,Antal,2024,444
0180C1030,äganderätt,Antal,2024,259
0180C1030,uppgift saknas,Antal,2024,0
0180C1040,hyresrätt,Antal,2024,746
0180C1040,bostadsrätt,Antal,2024,526
0180C1040,äganderätt,Antal,2024,0
0180C1040,uppgift saknas,Antal,2024,0
0180C1050,hyresrätt,Antal,2024,198
0180C1050,bostadsrätt,Antal,2024,891
0180C1050,äganderätt,Antal,2024,133
0180C1050,uppgift saknas,Antal,2024,0
0180C1060,hyresrätt,Antal,2024,459
0180C1060,bostadsrätt,Antal,2024,619
0180C1060,äganderätt,Antal,2024,0
0180C1060,uppgift saknas,Antal,2024,0
0180C1070,hyresrätt,Antal,2024,488
0180C1070,bostadsrätt,Antal,2024,197
0180C1070,äganderätt,Antal,2024,0
0180C1070,uppgift saknas,Antal,2024,0
0180C1080,hyresrätt,Antal,2024,60
0180C1080,bostadsrätt,Antal,2024,682
0180C1080,äganderätt,Antal,2024,0
0180C1080,uppgift saknas,Antal,2024,0
0180C1090,hyresrätt,Antal,2024,134
0180C1090,bostadsrätt,Antal,2024,561
0180C1090,äganderätt,Antal,2024,0
0180C1090,uppgift saknas,Antal,2024,0
0180C1101,hyresrätt,Antal,2024,801
0180C1101,bostadsrätt,Antal,2024,184
0180C1101,äganderätt,Antal,2024,3
0180C1101,uppgift saknas,Antal,2024,0
0180C1102,hyresrätt,Antal,2024,500
0180C1102,bostadsrätt,Antal,2024,186
0180C1102,äganderätt,Antal,2024,0
0180C1102,uppgift saknas,Antal,2024,0
0180C1110,hyresrätt,Antal,2024,191
0180C1110,bostadsrätt,Antal,2024,231
0180C1110,äganderätt,Antal,2024,417
0180C1110,uppgift saknas,Antal,2024,0
0180C1120,hyresrätt,Antal,2024,459
0180C1120,bostadsrätt,Antal,2024,176
0180C1120,äganderätt,Antal,2024,0
0180C1120,uppgift saknas,Antal,2024,0
0180C1130,hyresrätt,Antal,2024,568
0180C1130,bostadsrätt,Antal,2024,241
0180C1130,äganderätt,Antal,2024,0
0180C1130,uppgift saknas,Antal,2024,0
0180C1140,hyresrätt,Antal,2024,482
0180C1140,bostadsrätt,Antal,2024,233
0180C1140,äganderätt,Antal,2024,0
0180C1140,uppgift saknas,Antal,2024,0
0180C1150,hyresrätt,Antal,2024,283
0180C1150,bostadsrätt,Antal,2024,124
0180C1150,äganderätt,Antal,2024,190
0180C1150,uppgift saknas,Antal,2024,0
0180C1160,hyresrätt,Antal,2024,551
0180C1160,bostadsrätt,Antal,2024,165
0180C1160,äganderätt,Antal,2024,0
0180C1160,uppgift saknas,Antal,2024,0
0180C1170,hyresrätt,Antal,2024,201
0180C1170,bostadsrätt,Antal,2024,818
0180C1170,äganderätt,Antal,2024,120
0180C1170,uppgift saknas,Antal,2024,0
0180C1180,hyresrätt,Antal,2024,857
0180C1180,bostadsrätt,Antal,2024,0
0180C1180,äganderätt,Antal,2024,91
0180C1180,uppgift saknas,Antal,2024,0
0180C1190,hyresrätt,Antal,2024,2
0180C1190,bostadsrätt,Antal,2024,835
0180C1190,äganderätt,Antal,2024,2
0180C1190,uppgift saknas,Antal,2024,0
0180C1200,hyresrätt,Antal,2024,630
0180C1200,bostadsrätt,Antal,2024,167
0180C1200,äganderätt,Antal,2024,0
0180C1200,uppgift saknas,Antal,2024,0
0180C1210,hyresrätt,Antal,2024,238
0180C1210,bostadsrätt,Antal,2024,406
0180C1210,äganderätt,Antal,2024,170
0180C1210,uppgift saknas,Antal,2024,0
0180C1220,hyresrätt,Antal,2024,1087
0180C1220,bostadsrätt,Antal,2024,265
0180C1220,äganderätt,Antal,2024,0
0180C1220,uppgift saknas,Antal,2024,0
0180C1230,hyresrätt,Antal,2024,849
0180C1230,bostadsrätt,Antal,2024,57
0180C1230,äganderätt,Antal,2024,0
0180C1230,uppgift saknas,Antal,2024,0
0180C1241,hyresrätt,Antal,2024,215
0180C1241,bostadsrätt,Antal,2024,127
0180C1241,äganderätt,Antal,2024,190
0180C1241,uppgift saknas,Antal,2024,0
0180C1242,hyresrätt,Antal,2024,1016
0180C1242,bostadsrätt,Antal,2024,83
0180C1242,äganderätt,Antal,2024,161
0180C1242,uppgift saknas,Antal,2024,0
0180C1250,hyresrätt,Antal,2024,934
0180C1250,bostadsrätt,Antal,2024,376
0180C1250,äganderätt,Antal,2024,0
0180C1250,uppgift saknas,Antal,2024,0
0180C1260,hyresrätt,Antal,2024,850
0180C1260,bostadsrätt,Antal,2024,82
0180C1260,äganderätt,Antal,2024,0
0180C1260,uppgift saknas,Antal,2024,0
0180C1270,hyresrätt,Antal,2024,138
0180C1270,bostadsrätt,Antal,2024,383
0180C1270,äganderätt,Antal,2024,276
0180C1270,uppgift saknas,Antal,2024,0
0180C1280,hyresrätt,Antal,2024,364
0180C1280,bostadsrätt,Antal,2024,476
0180C1280,äganderätt,Antal,2024,0
0180C1280,uppgift saknas,Antal,2024,0
0180C1290,hyresrätt,Antal,2024,803
0180C1290,bostadsrätt,Antal,2024,414
0180C1290,äganderätt,Antal,2024,0
0180C1290,uppgift saknas,Antal,2024,0
0180C1300,hyresrätt,Antal,2024,594
0180C1300,bostadsrätt,Antal,2024,168
0180C1300,äganderätt,Antal,2024,0
0180C1300,uppgift saknas,Antal,2024,0
0180C1310,hyresrätt,Antal,2024,723
0180C1310,bostadsrätt,Antal,2024,159
0180C1310,äganderätt,Antal,2024,0
0180C1310,uppgift saknas,Antal,2024,0
0180C1320,hyresrätt,Antal,2024,826
0180C1320,bostadsrätt,Antal,2024,362
0180C1320,äganderätt,Antal,2024,33
0180C1320,uppgift saknas,Antal,2024,0
0180C1330,hyresrätt,Antal,2024,662
0180C1330,bostadsrätt,Antal,2024,141
0180C1330,äganderätt,Antal,2024,0
0180C1330,uppgift saknas,Antal,2024,0
0180C1340,hyresrätt,Antal,2024,732
0180C1340,bostadsrätt,Antal,2024,0
0180C1340,äganderätt,Antal,2024,49
0180C1340,uppgift saknas,Antal,2024,0
0180C1350,hyresrätt,Antal,2024,71
0180C1350,bostadsrätt,Antal,2024,862
0180C1350,äganderätt,Antal,2024,69
0180C1350,uppgift saknas,Antal,2024,0
0180C1360,hyresrätt,Antal,2024,710
0180C1360,bostadsrätt,Antal,2024,68
0180C1360,äganderätt,Antal,2024,0
0180C1360,uppgift saknas,Antal,2024,0
0180C1370,hyresrätt,Antal,2024,477
0180C1370,bostadsrätt,Antal,2024,709
0180C1370,äganderätt,Antal,2024,0
0180C1370,uppgift saknas,Antal,2024,0
0180C1380,hyresrätt,Antal,2024,311
0180C1380,bostadsrätt,Antal,2024,569
0180C1380,äganderätt,Antal,2024,0
0180C1380,uppgift saknas,Antal,2024,0
0180C1390,hyresrätt,Antal,2024,482
0180C1390,bostadsrätt,Antal,2024,569
0180C1390,äganderätt,Antal,2024,0
0180C1390,uppgift saknas,Antal,2024,0
0180C1400,hyresrätt,Antal,2024,592
0180C1400,bostadsrätt,Antal,2024,112
0180C1400,äganderätt,Antal,2024,220
0180C1400,uppgift saknas,Antal,2024,0
0180C1410,hyresrätt,Antal,2024,550
0180C1410,bostadsrätt,Antal,2024,723
0180C1410,äganderätt,Antal,2024,0
0180C1410,uppgift saknas,Antal,2024,0
0180C1420,hyresrätt,Antal,2024,1
0180C1420,bostadsrätt,Antal,2024,0
0180C1420,äganderätt,Antal,2024,440
0180C1420,uppgift saknas,Antal,2024,0
0180C1430,hyresrätt,Antal,2024,9
0180C1430,bostadsrätt,Antal,2024,39
0180C1430,äganderätt,Antal,2024,421
0180C1430,uppgift saknas,Antal,2024,0
0180C1440,hyresrätt,Antal,2024,502
0180C1440,bostadsrätt,Antal,2024,215
0180C1440,äganderätt,Antal,2024,270
0180C1440,uppgift saknas,Antal,2024,0
0180C1450,hyresrätt,Antal,2024,710
0180C1450,bostadsrätt,Antal,2024,608
0180C1450,äganderätt,Antal,2024,0
0180C1450,uppgift saknas,Antal,2024,0
0180C1460,hyresrätt,Antal,2024,563
0180C1460,bostadsrätt,Antal,2024,542
0180C1460,äganderätt,Antal,2024,0
0180C1460,uppgift saknas,Antal,2024,0
0180C1470,hyresrätt,Antal,2024,1022
0180C1470,bostadsrätt,Antal,2024,136
0180C1470,äganderätt,Antal,2024,0
0180C1470,uppgift saknas,Antal,2024,0
0180C1480,hyresrätt,Antal,2024,688
0180C1480,bostadsrätt,Antal,2024,193
0180C1480,äganderätt,Antal,2024,0
0180C1480,uppgift saknas,Antal,2024,0
0180C1490,hyresrätt,Antal,2024,312
0180C1490,bostadsrätt,Antal,2024,0
0180C1490,äganderätt,Antal,2024,337
0180C1490,uppgift saknas,Antal,2024,0
0180C1500,hyresrätt,Antal,2024,609
0180C1500,bostadsrätt,Antal,2024,301
0180C1500,äganderätt,Antal,2024,0
0180C1500,uppgift saknas,Antal,2024,0
0180C1510,hyresrätt,Antal,2024,691
0180C1510,bostadsrätt,Antal,2024,150
0180C1510,äganderätt,Antal,2024,0
0180C1510,uppgift saknas,Antal,2024,0
0180C1520,hyresrätt,Antal,2024,256
0180C1520,bostadsrätt,Antal,2024,570
0180C1520,äganderätt,Antal,2024,0
0180C1520,uppgift saknas,Antal,2024,0
0180C1530,hyresrätt,Antal,2024,1040
0180C1530,bostadsrätt,Antal,2024,511
0180C1530,äganderätt,Antal,2024,75
0180C1530,uppgift saknas,Antal,2024,0
0180C1540,hyresrätt,Antal,2024,442
0180C1540,bostadsrätt,Antal,2024,444
0180C1540,äganderätt,Antal,2024,0
0180C1540,uppgift saknas,Antal,2024,0
0180C1550,hyresrätt,Antal,2024,3
0180C1550,bostadsrätt,Antal,2024,51
0180C1550,äganderätt,Antal,2024,578
0180C1550,uppgift saknas,Antal,2024,0
0180C1560,hyresrätt,Antal,2024,772
0180C1560,bostadsrätt,Antal,2024,0
0180C1560,äganderätt,Antal,2024,52
0180C1560,uppgift saknas,Antal,2024,0
0180C1570,hyresrätt,Antal,2024,686
0180C1570,bostadsrätt,Antal,2024,0
0180C1570,äganderätt,Antal,2024,266
0180C1570,uppgift saknas,Antal,2024,0
0180C1580,hyresrätt,Antal,2024,448
0180C1580,bostadsrätt,Antal,2024,504
0180C1580,äganderätt,Antal,2024,0
0180C1580,uppgift saknas,Antal,2024,0
0180C1591,hyresrätt,Antal,2024,726
0180C1591,bostadsrätt,Antal,2024,52
0180C1591,äganderätt,Antal,2024,0
0180C1591,uppgift saknas,Antal,2024,0
0180C1592,hyresrätt,Antal,2024,611
0180C1592,bostadsrätt,Antal,2024,210
0180C1592,äganderätt,Antal,2024,0
0180C1592,uppgift saknas,Antal,2024,0
0180C1600,hyresrätt,Antal,2024,508
0180C1600,bostadsrätt,Antal,2024,122
0180C1600,äganderätt,Antal,2024,187
0180C1600,uppgift saknas,Antal,2024,0
0180C1610,hyresrätt,Antal,2024,239
0180C1610,bostadsrätt,Antal,2024,467
0180C1610,äganderätt,Antal,2024,167
0180C1610,uppgift saknas,Antal,2024,0
0180C1620,hyresrätt,Antal,2024,27
0180C1620,bostadsrätt,Antal,2024,31
0180C1620,äganderätt,Antal,2024,414
0180C1620,uppgift saknas,Antal,2024,0
0180C1630,hyresrätt,Antal,2024,120
0180C1630,bostadsrätt,Antal,2024,11
0180C1630,äganderätt,Antal,2024,531
0180C1630,uppgift saknas,Antal,2024,0
0180C1640,hyresrätt,Antal,2024,289
0180C1640,bostadsrätt,Antal,2024,367
0180C1640,äganderätt,Antal,2024,282
0180C1640,uppgift saknas,Antal,2024,0
0180C1650,hyresrätt,Antal,2024,59
0180C1650,bostadsrätt,Antal,2024,130
0180C1650,äganderätt,Antal,2024,483
0180C1650,uppgift saknas,Antal,2024,0
0180C1660,hyresrätt,Antal,2024,591
0180C1660,bostadsrätt,Antal,2024,0
0180C1660,äganderätt,Antal,2024,0
0180C1660,uppgift saknas,Antal,2024,0
0180C1670,hyresrätt,Antal,2024,17
0180C1670,bostadsrätt,Antal,2024,26
0180C1670,äganderätt,Antal,2024,518
0180C1670,uppgift saknas,Antal,2024,0
0180C1680,hyresrätt,Antal,2024,795
0180C1680,bostadsrätt,Antal,2024,0
0180C1680,äganderätt,Antal,2024,0
0180C1680,uppgift saknas,Antal,2024,0
0180C1690,hyresrätt,Antal,2024,9
0180C1690,bostadsrätt,Antal,2024,0
0180C1690,äganderätt,Antal,2024,526
0180C1690,uppgift saknas,Antal,2024,0
0180C1700,hyresrätt,Antal,2024,5
0180C1700,bostadsrätt,Antal,2024,14
0180C1700,äganderätt,Antal,2024,601
0180C1700,uppgift saknas,Antal,2024,0
0180C1710,hyresrätt,Antal,2024,315
0180C1710,bostadsrätt,Antal,2024,851
0180C1710,äganderätt,Antal,2024,9
0180C1710,uppgift saknas,Antal,2024,0
0180C1720,hyresrätt,Antal,2024,702
0180C1720,bostadsrätt,Antal,2024,0
0180C1720,äganderätt,Antal,2024,0
0180C1720,uppgift saknas,Antal,2024,0
0180C1730,hyresrätt,Antal,2024,413
0180C1730,bostadsrätt,Antal,2024,268
0180C1730,äganderätt,Antal,2024,0
0180C1730,uppgift saknas,Antal,2024,0
0180C1740,hyresrätt,Antal,2024,11
0180C1740,bostadsrätt,Antal,2024,589
0180C1740,äganderätt,Antal,2024,83
0180C1740,uppgift saknas,Antal,2024,0
0180C1750,hyresrätt,Antal,2024,496
0180C1750,bostadsrätt,Antal,2024,202
0180C1750,äganderätt,Antal,2024,98
0180C1750,uppgift saknas,Antal,2024,0
0180C1760,hyresrätt,Antal,2024,487
0180C1760,bostadsrätt,Antal,2024,60
0180C1760,äganderätt,Antal,2024,146
0180C1760,uppgift saknas,Antal,2024,0
0180C1770,hyresrätt,Antal,2024,159
0180C1770,bostadsrätt,Antal,2024,202
0180C1770,äganderätt,Antal,2024,410
0180C1770,uppgift saknas,Antal,2024,0
0180C1780,hyresrätt,Antal,2024,247
0180C1780,bostadsrätt,Antal,2024,520
0180C1780,äganderätt,Antal,2024,0
0180C1780,uppgift saknas,Antal,2024,0
0180C1790,hyresrätt,Antal,2024,231
0180C1790,bostadsrätt,Antal,2024,282
0180C1790,äganderätt,Antal,2024,328
0180C1790,uppgift saknas,Antal,2024,0
0180C1800,hyresrätt,Antal,2024,517
0180C1800,bostadsrätt,Antal,2024,267
0180C1800,äganderätt,Antal,2024,0
0180C1800,uppgift saknas,Antal,2024,0
0180C1810,hyresrätt,Antal,2024,70
0180C1810,bostadsrätt,Antal,2024,137
0180C1810,äganderätt,Antal,2024,310
0180C1810,uppgift saknas,Antal,2024,0
0180C1820,hyresrätt,Antal,2024,116
0180C1820,bostadsrätt,Antal,2024,907
0180C1820,äganderätt,Antal,2024,30
0180C1820,uppgift saknas,Antal,2024,0
0180C1830,hyresrätt,Antal,2024,65
0180C1830,bostadsrätt,Antal,2024,35
0180C1830,äganderätt,Antal,2024,544
0180C1830,uppgift saknas,Antal,2024,0
0180C1840,hyresrätt,Antal,2024,407
0180C1840,bostadsrätt,Antal,2024,323
0180C1840,äganderätt,Antal,2024,139
0180C1840,uppgift saknas,Antal,2024,0
0180C1850,hyresrätt,Antal,2024,229
0180C1850,bostadsrätt,Antal,2024,545
0180C1850,äganderätt,Antal,2024,63
0180C1850,uppgift saknas,Antal,2024,0
0180C1860,hyresrätt,Antal,2024,89
0180C1860,bostadsrätt,Antal,2024,588
0180C1860,äganderätt,Antal,2024,204
0180C1860,uppgift saknas,Antal,2024,0
0180C1871,hyresrätt,Antal,2024,457
0180C1871,bostadsrätt,Antal,2024,353
0180C1871,äganderätt,Antal,2024,0
0180C1871,uppgift saknas,Antal,2024,0
0180C1872,hyresrätt,Antal,2024,33
0180C1872,bostadsrätt,Antal,2024,492
0180C1872,äganderätt,Antal,2024,0
0180C1872,uppgift saknas,Antal,2024,0
0180C1873,hyresrätt,Antal,2024,225
0180C1873,bostadsrätt,Antal,2024,466
0180C1873,äganderätt,Antal,2024,13
0180C1873,uppgift saknas,Antal,2024,0
0180C1880,hyresrätt,Antal,2024,183
0180C1880,bostadsrätt,Antal,2024,536
0180C1880,äganderätt,Antal,2024,223
0180C1880,uppgift saknas,Antal,2024,0
0180C1890,hyresrätt,Antal,2024,112
0180C1890,bostadsrätt,Antal,2024,200
0180C1890,äganderätt,Antal,2024,374
0180C1890,uppgift saknas,Antal,2024,0
0180C1900,hyresrätt,Antal,2024,764
0180C1900,bostadsrätt,Antal,2024,126
0180C1900,äganderätt,Antal,2024,0
0180C1900,uppgift saknas,Antal,2024,0
0180C1910,hyresrätt,Antal,2024,615
0180C1910,bostadsrätt,Antal,2024,172
0180C1910,äganderätt,Antal,2024,0
0180C1910,uppgift saknas,Antal,2024,0
0180C1920,hyresrätt,Antal,2024,248
0180C1920,bostadsrätt,Antal,2024,143
0180C1920,äganderätt,Antal,2024,362
0180C1920,uppgift saknas,Antal,2024,0
0180C1930,hyresrätt,Antal,2024,591
0180C1930,bostadsrätt,Antal,2024,371
0180C1930,äganderätt,Antal,2024,347
0180C1930,uppgift saknas,Antal,2024,0
0180C1940,hyresrätt,Antal,2024,920
0180C1940,bostadsrätt,Antal,2024,234
0180C1940,äganderätt,Antal,2024,0
0180C1940,uppgift saknas,Antal,2024,0
0180C1950,hyresrätt,Antal,2024,328
0180C1950,bostadsrätt,Antal,2024,306
0180C1950,äganderätt,Antal,2024,190
0180C1950,uppgift saknas,Antal,2024,0
0180C1960,hyresrätt,Antal,2024,67
0180C1960,bostadsrätt,Antal,2024,305
0180C1960,äganderätt,Antal,2024,212
0180C1960,uppgift saknas,Antal,2024,0
0180C1970,hyresrätt,Antal,2024,146
0180C1970,bostadsrätt,Antal,2024,1
0180C1970,äganderätt,Antal,2024,434
0180C1970,uppgift saknas,Antal,2024,0
0180C1980,hyresrätt,Antal,2024,683
0180C1980,bostadsrätt,Antal,2024,494
0180C1980,äganderätt,Antal,2024,37
0180C1980,uppgift saknas,Antal,2024,0
0180C1990,hyresrätt,Antal,2024,210
0180C1990,bostadsrätt,Antal,2024,133
0180C1990,äganderätt,Antal,2024,299
0180C1990,uppgift saknas,Antal,2024,0
0180C2000,hyresrätt,Antal,2024,386
0180C2000,bostadsrätt,Antal,2024,188
0180C2000,äganderätt,Antal,2024,195
0180C2000,uppgift saknas,Antal,2024,0
0180C2010,hyresrätt,Antal,2024,628
0180C2010,bostadsrätt,Antal,2024,382
0180C2010,äganderätt,Antal,2024,0
0180C2010,uppgift saknas,Antal,2024,0
0180C2020,hyresrätt,Antal,2024,388
0180C2020,bostadsrätt,Antal,2024,399
0180C2020,äganderätt,Antal,2024,0
0180C2020,uppgift saknas,Antal,2024,0
0180C2030,hyresrätt,Antal,2024,448
0180C2030,bostadsrätt,Antal,2024,765
0180C2030,äganderätt,Antal,2024,0
0180C2030,uppgift saknas,Antal,2024,0
0180C2040,hyresrätt,Antal,2024,644
0180C2040,bostadsrätt,Antal,2024,0
0180C2040,äganderätt,Antal,2024,0
0180C2040,uppgift saknas,Antal,2024,0
0180C2050,hyresrätt,Antal,2024,572
0180C2050,bostadsrätt,Antal,2024,496
0180C2050,äganderätt,Antal,2024,0
0180C2050,uppgift saknas,Antal,2024,0
0180C2060,hyresrätt,Antal,2024,667
0180C2060,bostadsrätt,Antal,2024,360
0180C2060,äganderätt,Antal,2024,0
0180C2060,uppgift saknas,Antal,2024,0
0180C2070,hyresrätt,Antal,2024,0
0180C2070,bostadsrätt,Antal,2024,931
0180C2070,äganderätt,Antal,2024,0
0180C2070,uppgift saknas,Antal,2024,0
0180C2080,hyresrätt,Antal,2024,0
0180C2080,bostadsrätt,Antal,2024,996
0180C2080,äganderätt,Antal,2024,0
0180C2080,uppgift saknas,Antal,2024,0
0180C2090,hyresrätt,Antal,2024,127
0180C2090,bostadsrätt,Antal,2024,739
0180C2090,äganderätt,Antal,2024,110
0180C2090,uppgift saknas,Antal,2024,0
0180C2100,hyresrätt,Antal,2024,401
0180C2100,bostadsrätt,Antal,2024,132
0180C2100,äganderätt,Antal,2024,257
0180C2100,uppgift saknas,Antal,2024,0
0180C2111,hyresrätt,Antal,2024,25
0180C2111,bostadsrätt,Antal,2024,363
0180C2111,äganderätt,Antal,2024,189
0180C2111,uppgift saknas,Antal,2024,0
0180C2112,hyresrätt,Antal,2024,367
0180C2112,bostadsrätt,Antal,2024,242
0180C2112,äganderätt,Antal,2024,0
0180C2112,uppgift saknas,Antal,2024,0
0180C2113,hyresrätt,Antal,2024,715
0180C2113,bostadsrätt,Antal,2024,254
0180C2113,äganderätt,Antal,2024,69
0180C2113,uppgift saknas,Antal,2024,0
0180C2120,hyresrätt,Antal,2024,172
0180C2120,bostadsrätt,Antal,2024,341
0180C2120,äganderätt,Antal,2024,272
0180C2120,uppgift saknas,Antal,2024,0
0180C2130,hyresrätt,Antal,2024,613
0180C2130,bostadsrätt,Antal,2024,433
0180C2130,äganderätt,Antal,2024,15
0180C2130,uppgift saknas,Antal,2024,0
0180C2140,hyresrätt,Antal,2024,709
0180C2140,bostadsrätt,Antal,2024,291
0180C2140,äganderätt,Antal,2024,59
0180C2140,uppgift saknas,Antal,2024,0
0180C2150,hyresrätt,Antal,2024,1077
0180C2150,bostadsrätt,Antal,2024,0
0180C2150,äganderätt,Antal,2024,58
0180C2150,uppgift saknas,Antal,2024,0
0180C2160,hyresrätt,Antal,2024,40
0180C2160,bostadsrätt,Antal,2024,654
0180C2160,äganderätt,Antal,2024,0
0180C2160,uppgift saknas,Antal,2024,0
0180C2170,hyresrätt,Antal,2024,269
0180C2170,bostadsrätt,Antal,2024,169
0180C2170,äganderätt,Antal,2024,156
0180C2170,uppgift saknas,Antal,2024,0
0180C2180,hyresrätt,Antal,2024,819
0180C2180,bostadsrätt,Antal,2024,202
0180C2180,äganderätt,Antal,2024,0
0180C2180,uppgift saknas,Antal,2024,0
0180C2190,hyresrätt,Antal,2024,285
0180C2190,bostadsrätt,Antal,2024,76
0180C2190,äganderätt,Antal,2024,405
0180C2190,uppgift saknas,Antal,2024,0
0180C2200,hyresrätt,Antal,2024,482
0180C2200,bostadsrätt,Antal,2024,394
0180C2200,äganderätt,Antal,2024,0
0180C2200,uppgift saknas,Antal,2024,0
0180C2210,hyresrätt,Antal,2024,225
0180C2210,bostadsrätt,Antal,2024,314
0180C2210,äganderätt,Antal,2024,0
0180C2210,uppgift saknas,Antal,2024,0
0180C2220,hyresrätt,Antal,2024,87
0180C2220,bostadsrätt,Antal,2024,64
0180C2220,äganderätt,Antal,2024,537
0180C2220,uppgift saknas,Antal,2024,0
0180C2230,hyresrätt,Antal,2024,595
0180C2230,bostadsrätt,Antal,2024,139
0180C2230,äganderätt,Antal,2024,0
0180C2230,uppgift saknas,Antal,2024,0
0180C2240,hyresrätt,Antal,2024,579
0180C2240,bostadsrätt,Antal,2024,725
0180C2240,äganderätt,Antal,2024,0
0180C2240,uppgift saknas,Antal,2024,0
0180C2250,hyresrätt,Antal,2024,1061
0180C2250,bostadsrätt,Antal,2024,122
0180C2250,äganderätt,Antal,2024,79
0180C2250,uppgift saknas,Antal,2024,0
0180C2260,hyresrätt,Antal,2024,252
0180C2260,bostadsrätt,Antal,2024,371
0180C2260,äganderätt,Antal,2024,0
0180C2260,uppgift saknas,Antal,2024,0
0180C2270,hyresrätt,Antal,2024,520
0180C2270,bostadsrätt,Antal,2024,466
0180C2270,äganderätt,Antal,2024,0
0180C2270,uppgift saknas,Antal,2024,0
0180C2280,hyresrätt,Antal,2024,1130
0180C2280,bostadsrätt,Antal,2024,139
0180C2280,äganderätt,Antal,2024,0
0180C2280,uppgift saknas,Antal,2024,0
0180C2290,hyresrätt,Antal,2024,709
0180C2290,bostadsrätt,Antal,2024,20
0180C2290,äganderätt,Antal,2024,182
0180C2290,uppgift saknas,Antal,2024,0
0180C2300,hyresrätt,Antal,2024,17
0180C2300,bostadsrätt,Antal,2024,283
0180C2300,äganderätt,Antal,2024,509
0180C2300,uppgift saknas,Antal,2024,0
0180C2310,hyresrätt,Antal,2024,945
0180C2310,bostadsrätt,Antal,2024,313
0180C2310,äganderätt,Antal,2024,0
0180C2310,uppgift saknas,Antal,2024,0
0180C2320,hyresrätt,Antal,2024,300
0180C2320,bostadsrätt,Antal,2024,656
0180C2320,äganderätt,Antal,2024,56
0180C2320,uppgift saknas,Antal,2024,0
0180C2330,hyresrätt,Antal,2024,594
0180C2330,bostadsrätt,Antal,2024,443
0180C2330,äganderätt,Antal,2024,0
0180C2330,uppgift saknas,Antal,2024,0
0180C2340,hyresrätt,Antal,2024,350
0180C2340,bostadsrätt,Antal,2024,595
0180C2340,äganderätt,Antal,2024,0
0180C2340,uppgift saknas,Antal,2024,0
0180C2350,hyresrätt,Antal,2024,534
0180C2350,bostadsrätt,Antal,2024,142
0180C2350,äganderätt,Antal,2024,257
0180C2350,uppgift saknas,Antal,2024,0
0180C2360,hyresrätt,Antal,2024,633
0180C2360,bostadsrätt,Antal,2024,495
0180C2360,äganderätt,Antal,2024,1
0180C2360,uppgift saknas,Antal,2024,0
0180C2370,hyresrätt,Antal,2024,467
0180C2370,bostadsrätt,Antal,2024,320
0180C2370,äganderätt,Antal,2024,55
0180C2370,uppgift saknas,Antal,2024,0
0180C2380,hyresrätt,Antal,2024,191
0180C2380,bostadsrätt,Antal,2024,215
0180C2380,äganderätt,Antal,2024,281
0180C2380,uppgift saknas,Antal,2024,0
0180C2390,hyresrätt,Antal,2024,393
0180C2390,bostadsrätt,Antal,2024,721
0180C2390,äganderätt,Antal,2024,0
0180C2390,uppgift saknas,Antal,2024,0
0180C2400,hyresrätt,Antal,2024,0
0180C2400,bostadsrätt,Antal,2024,831
0180C2400,äganderätt,Antal,2024,0
0180C2400,uppgift saknas,Antal,2024,0
0180C2410,hyresrätt,Antal,2024,282
0180C2410,bostadsrätt,Antal,2024,665
0180C2410,äganderätt,Antal,2024,0
0180C2410,uppgift saknas,Antal,2024,0
0180C2420,hyresrätt,Antal,2024,700
0180C2420,bostadsrätt,Antal,2024,346
0180C2420,äganderätt,Antal,2024,0
0180C2420,uppgift saknas,Antal,2024,0
0180C2431,hyresrätt,Antal,2024,483
0180C2431,bostadsrätt,Antal,2024,394
0180C2431,äganderätt,Antal,2024,0
0180C2431,uppgift saknas,Antal,2024,0
0180C2432,hyresrätt,Antal,2024,213
0180C2432,bostadsrätt,Antal,2024,331
0180C2432,äganderätt,Antal,2024,0
0180C2432,uppgift saknas,Antal,2024,0
0180C2440,hyresrätt,Antal,2024,691
0180C2440,bostadsrätt,Antal,2024,584
0180C2440,äganderätt,Antal,2024,0
0180C2440,uppgift saknas,Antal,2024,0
0180C2450,hyresrätt,Antal,2024,205
0180C2450,bostadsrätt,Antal,2024,1176
0180C2450,äganderätt,Antal,2024,0
0180C2450,uppgift saknas,Antal,2024,0
0180C2460,hyresrätt,Antal,2024,585
0180C2460,bostadsrätt,Antal,2024,815
0180C2460,äganderätt,Antal,2024,0
0180C2460,uppgift saknas,Antal,2024,0
0180C2470,hyresrätt,Antal,2024,631
0180C2470,bostadsrätt,Antal,2024,399
0180C2470,äganderätt,Antal,2024,0
0180C2470,uppgift saknas,Antal,2024,0
0180C2480,hyresrätt,Antal,2024,366
0180C2480,bostadsrätt,Antal,2024,598
0180C2480,äganderätt,Antal,2024,0
0180C2480,uppgift saknas,Antal,2024,0
0180C2490,hyresrätt,Antal,2024,419
0180C2490,bostadsrätt,Antal,2024,488
0180C2490,äganderätt,Antal,2024,32
0180C2490,uppgift saknas,Antal,2024,0
0180C2500,hyresrätt,Antal,2024,689
0180C2500,bostadsrätt,Antal,2024,263
0180C2500,äganderätt,Antal,2024,0
0180C2500,uppgift saknas,Antal,2024,0
0180C2510,hyresrätt,Antal,2024,780
0180C2510,bostadsrätt,Antal,2024,464
0180C2510,äganderätt,Antal,2024,0
0180C2510,uppgift saknas,Antal,2024,0
0180C2520,hyresrätt,Antal,2024,701
0180C2520,bostadsrätt,Antal,2024,347
0180C2520,äganderätt,Antal,2024,0
0180C2520,uppgift saknas,Antal,2024,0
0180C2530,hyresrätt,Antal,2024,410
0180C2530,bostadsrätt,Antal,2024,879
0180C2530,äganderätt,Antal,2024,0
0180C2530,uppgift saknas,Antal,2024,0
0180C2540,hyresrätt,Antal,2024,250
0180C2540,bostadsrätt,Antal,2024,1017
0180C2540,äganderätt,Antal,2024,0
0180C2540,uppgift saknas,Antal,2024,0
0180C2550,hyresrätt,Antal,2024,504
0180C2550,bostadsrätt,Antal,2024,317
0180C2550,äganderätt,Antal,2024,0
0180C2550,uppgift saknas,Antal,2024,0
0180C2560,hyresrätt,Antal,2024,51
0180C2560,bostadsrätt,Antal,2024,998
0180C2560,äganderätt,Antal,2024,0
0180C2560,uppgift saknas,Antal,2024,0
0180C2570,hyresrätt,Antal,2024,476
0180C2570,bostadsrätt,Antal,2024,1009
0180C2570,äganderätt,Antal,2024,0
0180C2570,uppgift saknas,Antal,2024,0
0180C2580,hyresrätt,Antal,2024,65
0180C2580,bostadsrätt,Antal,2024,150
0180C2580,äganderätt,Antal,2024,472
0180C2580,uppgift saknas,Antal,2024,0
0180C2590,hyresrätt,Antal,2024,265
0180C2590,bostadsrätt,Antal,2024,893
0180C2590,äganderätt,Antal,2024,0
0180C2590,uppgift saknas,Antal,2024,0
0180C2600,hyresrätt,Antal,2024,35
0180C2600,bostadsrätt,Antal,2024,70
0180C2600,äganderätt,Antal,2024,428
0180C2600,uppgift saknas,Antal,2024,0
0180C2610,hyresrätt,Antal,2024,312
0180C2610,bostadsrätt,Antal,2024,823
0180C2610,äganderätt,Antal,2024,17
0180C2610,uppgift saknas,Antal,2024,0
0180C2620,hyresrätt,Antal,2024,323
0180C2620,bostadsrätt,Antal,2024,1635
0180C2620,äganderätt,Antal,2024,0
0180C2620,uppgift saknas,Antal,2024,0
0180C2630,hyresrätt,Antal,2024,171
0180C2630,bostadsrätt,Antal,2024,708
0180C2630,äganderätt,Antal,2024,0
0180C2630,uppgift saknas,Antal,2024,0
0180C2640,hyresrätt,Antal,2024,205
0180C2640,bostadsrätt,Antal,2024,71
0180C2640,äganderätt,Antal,2024,416
0180C2640,uppgift saknas,Antal,2024,0
0180C2650,hyresrätt,Antal,2024,414
0180C2650,bostadsrätt,Antal,2024,615
0180C2650,äganderätt,Antal,2024,4
0180C2650,uppgift saknas,Antal,2024,0
0180C2660,hyresrätt,Antal,2024,193
0180C2660,bostadsrätt,Antal,2024,679
0180C2660,äganderätt,Antal,2024,0
0180C2660,uppgift saknas,Antal,2024,0
0180C2670,hyresrätt,Antal,2024,311
0180C2670,bostadsrätt,Antal,2024,710
0180C2670,äganderätt,Antal,2024,0
0180C2670,uppgift saknas,Antal,2024,0
0180C2680,hyresrätt,Antal,2024,557
0180C2680,bostadsrätt,Antal,2024,588
0180C2680,äganderätt,Antal,2024,37
0180C2680,uppgift saknas,Antal,2024,0
0180C2690,hyresrätt,Antal,2024,532
0180C2690,bostadsrätt,Antal,2024,562
0180C2690,äganderätt,Antal,2024,0
0180C2690,uppgift saknas,Antal,2024,0
0180C2700,hyresrätt,Antal,2024,534
0180C2700,bostadsrätt,Antal,2024,674
0180C2700,äganderätt,Antal,2024,0
0180C2700,uppgift saknas,Antal,2024,0
0180C2710,hyresrätt,Antal,2024,330
0180C2710,bostadsrätt,Antal,2024,711
0180C2710,äganderätt,Antal,2024,0
0180C2710,uppgift saknas,Antal,2024,0
0180C2720,hyresrätt,Antal,2024,583
0180C2720,bostadsrätt,Antal,2024,442
0180C2720,äganderätt,Antal,2024,5
0180C2720,uppgift saknas,Antal,2024,0
0180C2730,hyresrätt,Antal,2024,787
0180C2730,bostadsrätt,Antal,2024,425
0180C2730,äganderätt,Antal,2024,5
0180C2730,uppgift saknas,Antal,2024,0
0180C2740,hyresrätt,Antal,2024,402
0180C2740,bostadsrätt,Antal,2024,594
0180C2740,äganderätt,Antal,2024,1
0180C2740,uppgift saknas,Antal,2024,0
0180C2750,hyresrätt,Antal,2024,276
0180C2750,bostadsrätt,Antal,2024,651
0180C2750,äganderätt,Antal,2024,0
0180C2750,uppgift saknas,Antal,2024,0
0180C2760,hyresrätt,Antal,2024,415
0180C2760,bostadsrätt,Antal,2024,348
0180C2760,äganderätt,Antal,2024,0
0180C2760,uppgift saknas,Antal,2024,0
0180C2770,hyresrätt,Antal,2024,473
0180C2770,bostadsrätt,Antal,2024,556
0180C2770,äganderätt,Antal,2024,0
0180C2770,uppgift saknas,Antal,2024,0
0180C2781,hyresrätt,Antal,2024,0
0180C2781,bostadsrätt,Antal,2024,441
0180C2781,äganderätt,Antal,2024,43
0180C2781,uppgift saknas,Antal,2024,0
0180C2782,hyresrätt,Antal,2024,239
0180C2782,bostadsrätt,Antal,2024,324
0180C2782,äganderätt,Antal,2024,0
0180C2782,uppgift saknas,Antal,2024,0
0180C2783,hyresrätt,Antal,2024,163
0180C2783,bostadsrätt,Antal,2024,566
0180C2783,äganderätt,Antal,2024,0
0180C2783,uppgift saknas,Antal,2024,0
0180C2790,hyresrätt,Antal,2024,221
0180C2790,bostadsrätt,Antal,2024,680
0180C2790,äganderätt,Antal,2024,0
0180C2790,uppgift saknas,Antal,2024,0
0180C2800,hyresrätt,Antal,2024,310
0180C2800,bostadsrätt,Antal,2024,808
0180C2800,äganderätt,Antal,2024,0
0180C2800,uppgift saknas,Antal,2024,0
0180C2810,hyresrätt,Antal,2024,0
0180C2810,bostadsrätt,Antal,2024,929
0180C2810,äganderätt,Antal,2024,0
0180C2810,uppgift saknas,Antal,2024,0
0180C2820,hyresrätt,Antal,2024,427
0180C2820,bostadsrätt,Antal,2024,322
0180C2820,äganderätt,Antal,2024,33
0180C2820,uppgift saknas,Antal,2024,0
0180C2830,hyresrätt,Antal,2024,341
0180C2830,bostadsrätt,Antal,2024,360
0180C2830,äganderätt,Antal,2024,0
0180C2830,uppgift saknas,Antal,2024,0
0180C2840,hyresrätt,Antal,2024,393
0180C2840,bostadsrätt,Antal,2024,550
0180C2840,äganderätt,Antal,2024,0
0180C2840,uppgift saknas,Antal,2024,0
0180C2850,hyresrätt,Antal,2024,506
0180C2850,bostadsrätt,Antal,2024,343
0180C2850,äganderätt,Antal,2024,0
0180C2850,uppgift saknas,Antal,2024,0
0180C2860,hyresrätt,Antal,2024,483
0180C2860,bostadsrätt,Antal,2024,526
0180C2860,äganderätt,Antal,2024,0
0180C2860,uppgift saknas,Antal,2024,0
0180C2870,hyresrätt,Antal,2024,111
0180C2870,bostadsrätt,Antal,2024,592
0180C2870,äganderätt,Antal,2024,0
0180C2870,uppgift saknas,Antal,2024,0
0180C2881,hyresrätt,Antal,2024,367
0180C2881,bostadsrätt,Antal,2024,357
0180C2881,äganderätt,Antal,2024,0
0180C2881,uppgift saknas,Antal,2024,0
0180C2882,hyresrätt,Antal,2024,203
0180C2882,bostadsrätt,Antal,2024,380
0180C2882,äganderätt,Antal,2024,0
0180C2882,uppgift saknas,Antal,2024,0
0180C2890,hyresrätt,Antal,2024,164
0180C2890,bostadsrätt,Antal,2024,734
0180C2890,äganderätt,Antal,2024,0
0180C2890,uppgift saknas,Antal,2024,0
0180C2900,hyresrätt,Antal,2024,145
0180C2900,bostadsrätt,Antal,2024,703
0180C2900,äganderätt,Antal,2024,0
0180C2900,uppgift saknas,Antal,2024,0
0180C2910,hyresrätt,Antal,2024,686
0180C2910,bostadsrätt,Antal,2024,532
0180C2910,äganderätt,Antal,2024,0
0180C2910,uppgift saknas,Antal,2024,0
0180C2920,hyresrätt,Antal,2024,503
0180C2920,bostadsrätt,Antal,2024,241
0180C2920,äganderätt,Antal,2024,87
0180C2920,uppgift saknas,Antal,2024,0
0180C2930,hyresrätt,Antal,2024,678
0180C2930,bostadsrätt,Antal,2024,446
0180C2930,äganderätt,Antal,2024,0
0180C2930,uppgift saknas,Antal,2024,0
0180C2940,hyresrätt,Antal,2024,155
0180C2940,bostadsrätt,Antal,2024,900
0180C2940,äganderätt,Antal,2024,0
0180C2940,uppgift saknas,Antal,2024,0
0180C2951,hyresrätt,Antal,2024,510
0180C2951,bostadsrätt,Antal,2024,0
0180C2951,äganderätt,Antal,2024,0
0180C2951,uppgift saknas,Antal,2024,0
0180C2952,hyresrätt,Antal,2024,285
0180C2952,bostadsrätt,Antal,2024,589
0180C2952,äganderätt,Antal,2024,0
0180C2952,uppgift saknas,Antal,2024,0
0180C2953,hyresrätt,Antal,2024,0
0180C2953,bostadsrätt,Antal,2024,915
0180C2953,äganderätt,Antal,2024,184
0180C2953,uppgift saknas,Antal,2024,0
0180C2960,hyresrätt,Antal,2024,368
0180C2960,bostadsrätt,Antal,2024,602
0180C2960,äganderätt,Antal,2024,0
0180C2960,uppgift saknas,Antal,2024,0
0180C2970,hyresrätt,Antal,2024,681
0180C2970,bostadsrätt,Antal,2024,248
0180C2970,äganderätt,Antal,2024,53
0180C2970,uppgift saknas,Antal,2024,0
0180C2980,hyresrätt,Antal,2024,0
0180C2980,bostadsrätt,Antal,2024,597
0180C2980,äganderätt,Antal,2024,0
0180C2980,uppgift saknas,Antal,2024,0
0180C2990,hyresrätt,Antal,2024,79
0180C2990,bostadsrätt,Antal,2024,500
0180C2990,äganderätt,Antal,2024,0
0180C2990,uppgift saknas,Antal,2024,0
0180C3000,hyresrätt,Antal,2024,362
0180C3000,bostadsrätt,Antal,2024,598
0180C3000,äganderätt,Antal,2024,0
0180C3000,uppgift saknas,Antal,2024,0
0180C3010,hyresrätt,Antal,2024,245
0180C3010,bostadsrätt,Antal,2024,464
0180C3010,äganderätt,Antal,2024,0
0180C3010,uppgift saknas,Antal,2024,0
0180C3020,hyresrätt,Antal,2024,471
0180C3020,bostadsrätt,Antal,2024,351
0180C3020,äganderätt,Antal,2024,0
0180C3020,uppgift saknas,Antal,2024,0
0180C3030,hyresrätt,Antal,2024,408
0180C3030,bostadsrätt,Antal,2024,312
0180C3030,äganderätt,Antal,2024,0
0180C3030,uppgift saknas,Antal,2024,0
0180C3040,hyresrätt,Antal,2024,569
0180C3040,bostadsrätt,Antal,2024,435
0180C3040,äganderätt,Antal,2024,0
0180C3040,uppgift saknas,Antal,2024,0
0180C3050,hyresrätt,Antal,2024,211
0180C3050,bostadsrätt,Antal,2024,773
0180C3050,äganderätt,Antal,2024,0
0180C3050,uppgift saknas,Antal,2024,0
0180C3060,hyresrätt,Antal,2024,109
0180C3060,bostadsrätt,Antal,2024,526
0180C3060,äganderätt,Antal,2024,0
0180C3060,uppgift saknas,Antal,2024,0
0180C3070,hyresrätt,Antal,2024,224
0180C3070,bostadsrätt,Antal,2024,605
0180C3070,äganderätt,Antal,2024,0
0180C3070,uppgift saknas,Antal,2024,0
0180C3080,hyresrätt,Antal,2024,473
0180C3080,bostadsrätt,Antal,2024,279
0180C3080,äganderätt,Antal,2024,0
0180C3080,uppgift saknas,Antal,2024,0
0180C3090,hyresrätt,Antal,2024,427
0180C3090,bostadsrätt,Antal,2024,217
0180C3090,äganderätt,Antal,2024,0
0180C3090,uppgift saknas,Antal,2024,0
0180C3100,hyresrätt,Antal,2024,567
0180C3100,bostadsrätt,Antal,2024,604
0180C3100,äganderätt,Antal,2024,0
0180C3100,uppgift saknas,Antal,2024,0
0180C3110,hyresrätt,Antal,2024,632
0180C3110,bostadsrätt,Antal,2024,399
0180C3110,äganderätt,Antal,2024,0
0180C3110,uppgift saknas,Antal,2024,0
0180C3120,hyresrätt,Antal,2024,156
0180C3120,bostadsrätt,Antal,2024,562
0180C3120,äganderätt,Antal,2024,0
0180C3120,uppgift saknas,Antal,2024,0
0180C3130,hyresrätt,Antal,2024,200
0180C3130,bostadsrätt,Antal,2024,771
0180C3130,äganderätt,Antal,2024,0
0180C3130,uppgift saknas,Antal,2024,0
0180C3140,hyresrätt,Antal,2024,497
0180C3140,bostadsrätt,Antal,2024,668
0180C3140,äganderätt,Antal,2024,0
0180C3140,uppgift saknas,Antal,2024,0
0180C3150,hyresrätt,Antal,2024,380
0180C3150,bostadsrätt,Antal,2024,635
0180C3150,äganderätt,Antal,2024,0
0180C3150,uppgift saknas,Antal,2024,0
0180C3160,hyresrätt,Antal,2024,644
0180C3160,bostadsrätt,Antal,2024,385
0180C3160,äganderätt,Antal,2024,0
0180C3160,uppgift saknas,Antal,2024,0
0180C3170,hyresrätt,Antal,2024,245
0180C3170,bostadsrätt,Antal,2024,745
0180C3170,äganderätt,Antal,2024,0
0180C3170,uppgift saknas,Antal,2024,0
0180C3180,hyresrätt,Antal,2024,395
0180C3180,bostadsrätt,Antal,2024,814
0180C3180,äganderätt,Antal,2024,0
0180C3180,uppgift saknas,Antal,2024,0
0180C3190,hyresrätt,Antal,2024,643
0180C3190,bostadsrätt,Antal,2024,424
0180C3190,äganderätt,Antal,2024,0
0180C3190,uppgift saknas,Antal,2024,0
0180C3201,hyresrätt,Antal,2024,728
0180C3201,bostadsrätt,Antal,2024,94
0180C3201,äganderätt,Antal,2024,0
0180C3201,uppgift saknas,Antal,2024,0
0180C3202,hyresrätt,Antal,2024,407
0180C3202,bostadsrätt,Antal,2024,499
0180C3202,äganderätt,Antal,2024,0
0180C3202,uppgift saknas,Antal,2024,0
0180C3210,hyresrätt,Antal,2024,109
0180C3210,bostadsrätt,Antal,2024,757
0180C3210,äganderätt,Antal,2024,0
0180C3210,uppgift saknas,Antal,2024,0
0180C3220,hyresrätt,Antal,2024,60
0180C3220,bostadsrätt,Antal,2024,786
0180C3220,äganderätt,Antal,2024,3
0180C3220,uppgift saknas,Antal,2024,0
0180C3230,hyresrätt,Antal,2024,189
0180C3230,bostadsrätt,Antal,2024,675
0180C3230,äganderätt,Antal,2024,0
0180C3230,uppgift saknas,Antal,2024,0
0180C3240,hyresrätt,Antal,2024,111
0180C3240,bostadsrätt,Antal,2024,756
0180C3240,äganderätt,Antal,2024,0
0180C3240,uppgift saknas,Antal,2024,0
0180C3250,hyresrätt,Antal,2024,481
0180C3250,bostadsrätt,Antal,2024,693
0180C3250,äganderätt,Antal,2024,0
0180C3250,uppgift saknas,Antal,2024,0
0180C3260,hyresrätt,Antal,2024,1215
0180C3260,bostadsrätt,Antal,2024,62
0180C3260,äganderätt,Antal,2024,0
0180C3260,uppgift saknas,Antal,2024,0
0180C3270,hyresrätt,Antal,2024,218
0180C3270,bostadsrätt,Antal,2024,617
0180C3270,äganderätt,Antal,2024,0
0180C3270,uppgift saknas,Antal,2024,0
0180C3280,hyresrätt,Antal,2024,153
0180C3280,bostadsrätt,Antal,2024,474
0180C3280,äganderätt,Antal,2024,0
0180C3280,uppgift saknas,Antal,2024,0
0180C3290,hyresrätt,Antal,2024,684
0180C3290,bostadsrätt,Antal,2024,338
0180C3290,äganderätt,Antal,2024,0
0180C3290,uppgift saknas,Antal,2024,0
0180C3300,hyresrätt,Antal,2024,452
0180C3300,bostadsrätt,Antal,2024,539
0180C3300,äganderätt,Antal,2024,0
0180C3300,uppgift saknas,Antal,2024,0
0180C3310,hyresrätt,Antal,2024,439
0180C3310,bostadsrätt,Antal,2024,364
0180C3310,äganderätt,Antal,2024,0
0180C3310,uppgift saknas,Antal,2024,0
0180C3320,hyresrätt,Antal,2024,734
0180C3320,bostadsrätt,Antal,2024,602
0180C3320,äganderätt,Antal,2024,0
0180C3320,uppgift saknas,Antal,2024,0
0180C3330,hyresrätt,Antal,2024,564
0180C3330,bostadsrätt,Antal,2024,762
0180C3330,äganderätt,Antal,2024,0
0180C3330,uppgift saknas,Antal,2024,0
0180C3340,hyresrätt,Antal,2024,546
0180C3340,bostadsrätt,Antal,2024,605
0180C3340,äganderätt,Antal,2024,0
0180C3340,uppgift saknas,Antal,2024,0
0180C3350,hyresrätt,Antal,2024,162
0180C3350,bostadsrätt,Antal,2024,748
0180C3350,äganderätt,Antal,2024,0
0180C3350,uppgift saknas,Antal,2024,0
0180C3360,hyresrätt,Antal,2024,491
0180C3360,bostadsrätt,Antal,2024,729
0180C3360,äganderätt,Antal,2024,0
0180C3360,uppgift saknas,Antal,2024,0
0180C3370,hyresrätt,Antal,2024,489
0180C3370,bostadsrätt,Antal,2024,584
0180C3370,äganderätt,Antal,2024,0
0180C3370,uppgift saknas,Antal,2024,0
0180C3380,hyresrätt,Antal,2024,357
0180C3380,bostadsrätt,Antal,2024,510
0180C3380,äganderätt,Antal,2024,0
0180C3380,uppgift saknas,Antal,2024,0
0180C3390,hyresrätt,Antal,2024,420
0180C3390,bostadsrätt,Antal,2024,628
0180C3390,äganderätt,Antal,2024,0
0180C3390,uppgift saknas,Antal,2024,0
0180C3400,hyresrätt,Antal,2024,565
0180C3400,bostadsrätt,Antal,2024,625
0180C3400,äganderätt,Antal,2024,0
0180C3400,uppgift saknas,Antal,2024,0
0180C3410,hyresrätt,Antal,2024,155
0180C3410,bostadsrätt,Antal,2024,172
0180C3410,äganderätt,Antal,2024,200
0180C3410,uppgift saknas,Antal,2024,0
0180C3420,hyresrätt,Antal,2024,0
0180C3420,bostadsrätt,Antal,2024,692
0180C3420,äganderätt,Antal,2024,0
0180C3420,uppgift saknas,Antal,2024,0
0180C3430,hyresrätt,Antal,2024,415
0180C3430,bostadsrätt,Antal,2024,475
0180C3430,äganderätt,Antal,2024,0
0180C3430,uppgift saknas,Antal,2024,0
0180C3440,hyresrätt,Antal,2024,431
0180C3440,bostadsrätt,Antal,2024,535
0180C3440,äganderätt,Antal,2024,0
0180C3440,uppgift saknas,Antal,2024,0
0180C3450,hyresrätt,Antal,2024,397
0180C3450,bostadsrätt,Antal,2024,586
0180C3450,äganderätt,Antal,2024,0
0180C3450,uppgift saknas,Antal,2024,0
0180C3460,hyresrätt,Antal,2024,308
0180C3460,bostadsrätt,Antal,2024,606
0180C3460,äganderätt,Antal,2024,0
0180C3460,uppgift saknas,Antal,2024,0
0180C3470,hyresrätt,Antal,2024,575
0180C3470,bostadsrätt,Antal,2024,517
0180C3470,äganderätt,Antal,2024,0
0180C3470,uppgift saknas,Antal,2024,0
0180C3480,hyresrätt,Antal,2024,534
0180C3480,bostadsrätt,Antal,2024,1003
0180C3480,äganderätt,Antal,2024,0
0180C3480,uppgift saknas,Antal,2024,0
0180C3490,hyresrätt,Antal,2024,167
0180C3490,bostadsrätt,Antal,2024,572
0180C3490,äganderätt,Antal,2024,0
0180C3490,uppgift saknas,Antal,2024,0
0180C3500,hyresrätt,Antal,2024,633
0180C3500,bostadsrätt,Antal,2024,366
0180C3500,äganderätt,Antal,2024,0
0180C3500,uppgift saknas,Antal,2024,0
0180C3510,hyresrätt,Antal,2024,412
0180C3510,bostadsrätt,Antal,2024,525
0180C3510,äganderätt,Antal,2024,2
0180C3510,uppgift saknas,Antal,2024,0
0180C3520,hyresrätt,Antal,2024,507
0180C3520,bostadsrätt,Antal,2024,555
0180C3520,äganderätt,Antal,2024,0
0180C3520,uppgift saknas,Antal,2024,0
0180C3530,hyresrätt,Antal,2024,180
0180C3530,bostadsrätt,Antal,2024,626
0180C3530,äganderätt,Antal,2024,0
0180C3530,uppgift saknas,Antal,2024,0
0180C3540,hyresrätt,Antal,2024,757
0180C3540,bostadsrätt,Antal,2024,251
0180C3540,äganderätt,Antal,2024,0
0180C3540,uppgift saknas,Antal,2024,0
0180C3550,hyresrätt,Antal,2024,496
0180C3550,bostadsrätt,Antal,2024,487
0180C3550,äganderätt,Antal,2024,0
0180C3550,uppgift saknas,Antal,2024,0
0180C3560,hyresrätt,Antal,2024,278
0180C3560,bostadsrätt,Antal,2024,414
0180C3560,äganderätt,Antal,2024,113
0180C3560,uppgift saknas,Antal,2024,0
0180C3570,hyresrätt,Antal,2024,447
0180C3570,bostadsrätt,Antal,2024,361
0180C3570,äganderätt,Antal,2024,0
0180C3570,uppgift saknas,Antal,2024,0
0180C3580,hyresrätt,Antal,2024,918
0180C3580,bostadsrätt,Antal,2024,316
0180C3580,äganderätt,Antal,2024,0
0180C3580,uppgift saknas,Antal,2024,0
0180C3590,hyresrätt,Antal,2024,179
0180C3590,bostadsrätt,Antal,2024,706
0180C3590,äganderätt,Antal,2024,0
0180C3590,uppgift saknas,Antal,2024,0
0180C3600,hyresrätt,Antal,2024,398
0180C3600,bostadsrätt,Antal,2024,502
0180C3600,äganderätt,Antal,2024,0
0180C3600,uppgift saknas,Antal,2024,0
0180C3610,hyresrätt,Antal,2024,0
0180C3610,bostadsrätt,Antal,2024,88
0180C3610,äganderätt,Antal,2024,422
0180C3610,uppgift saknas,Antal,2024,0
0180C3620,hyresrätt,Antal,2024,244
0180C3620,bostadsrätt,Antal,2024,1060
0180C3620,äganderätt,Antal,2024,0
0180C3620,uppgift saknas,Antal,2024,0
0180C3630,hyresrätt,Antal,2024,646
0180C3630,bostadsrätt,Antal,2024,432
0180C3630,äganderätt,Antal,2024,0
0180C3630,uppgift saknas,Antal,2024,0
0180C3640,hyresrätt,Antal,2024,456
0180C3640,bostadsrätt,Antal,2024,509
0180C3640,äganderätt,Antal,2024,0
0180C3640,uppgift saknas,Antal,2024,0
0180C3650,hyresrätt,Antal,2024,470
0180C3650,bostadsrätt,Antal,2024,625
0180C3650,äganderätt,Antal,2024,0
0180C3650,uppgift saknas,Antal,2024,0
0180C3660,hyresrätt,Antal,2024,293
0180C3660,bostadsrätt,Antal,2024,454
0180C3660,äganderätt,Antal,2024,0
0180C3660,uppgift saknas,Antal,2024,0
0180C3670,hyresrätt,Antal,2024,702
0180C3670,bostadsrätt,Antal,2024,211
0180C3670,äganderätt,Antal,2024,0
0180C3670,uppgift saknas,Antal,2024,0
0180C3680,hyresrätt,Antal,2024,169
0180C3680,bostadsrätt,Antal,2024,588
0180C3680,äganderätt,Antal,2024,0
0180C3680,uppgift saknas,Antal,2024,0
0180C3690,hyresrätt,Antal,2024,396
0180C3690,bostadsrätt,Antal,2024,611
0180C3690,äganderätt,Antal,2024,5
0180C3690,uppgift saknas,Antal,2024,0
0180C3700,hyresrätt,Antal,2024,111
0180C3700,bostadsrätt,Antal,2024,706
0180C3700,äganderätt,Antal,2024,0
0180C3700,uppgift saknas,Antal,2024,0
0180C3710,hyresrätt,Antal,2024,249
0180C3710,bostadsrätt,Antal,2024,458
0180C3710,äganderätt,Antal,2024,0
0180C3710,uppgift saknas,Antal,2024,0
0180C3720,hyresrätt,Antal,2024,38
0180C3720,bostadsrätt,Antal,2024,113
0180C3720,äganderätt,Antal,2024,304
0180C3720,uppgift saknas,Antal,2024,0
0180C3730,hyresrätt,Antal,2024,150
0180C3730,bostadsrätt,Antal,2024,509
0180C3730,äganderätt,Antal,2024,72
0180C3730,uppgift saknas,Antal,2024,0
0180C3740,hyresrätt,Antal,2024,420
0180C3740,bostadsrätt,Antal,2024,459
0180C3740,äganderätt,Antal,2024,0
0180C3740,uppgift saknas,Antal,2024,0
0180C3750,hyresrätt,Antal,2024,628
0180C3750,bostadsrätt,Antal,2024,412
0180C3750,äganderätt,Antal,2024,0
0180C3750,uppgift saknas,Antal,2024,0
0180C3760,hyresrätt,Antal,2024,45
0180C3760,bostadsrätt,Antal,2024,67
0180C3760,äganderätt,Antal,2024,366
0180C3760,uppgift saknas,Antal,2024,0
0180C3770,hyresrätt,Antal,2024,510
0180C3770,bostadsrätt,Antal,2024,273
0180C3770,äganderätt,Antal,2024,0
0180C3770,uppgift saknas,Antal,2024,0
0180C3780,hyresrätt,Antal,2024,59
0180C3780,bostadsrätt,Antal,2024,634
0180C3780,äganderätt,Antal,2024,1
0180C3780,uppgift saknas,Antal,2024,0
0180C3790,hyresrätt,Antal,2024,389
0180C3790,bostadsrätt,Antal,2024,614
0180C3790,äganderätt,Antal,2024,0
0180C3790,uppgift saknas,Antal,2024,0
0180C3800,hyresrätt,Antal,2024,204
0180C3800,bostadsrätt,Antal,2024,529
0180C3800,äganderätt,Antal,2024,1
0180C3800,uppgift saknas,Antal,2024,0
0180C3810,hyresrätt,Antal,2024,296
0180C3810,bostadsrätt,Antal,2024,615
0180C3810,äganderätt,Antal,2024,0
0180C3810,uppgift saknas,Antal,2024,0
0180C3820,hyresrätt,Antal,2024,257
0180C3820,bostadsrätt,Antal,2024,746
0180C3820,äganderätt,Antal,2024,0
0180C3820,uppgift saknas,Antal,2024,0
0180C3830,hyresrätt,Antal,2024,81
0180C3830,bostadsrätt,Antal,2024,856
0180C3830,äganderätt,Antal,2024,0
0180C3830,uppgift saknas,Antal,2024,0
0180C3840,hyresrätt,Antal,2024,20
0180C3840,bostadsrätt,Antal,2024,183
0180C3840,äganderätt,Antal,2024,394
0180C3840,uppgift saknas,Antal,2024,0
0180C3850,hyresrätt,Antal,2024,131
0180C3850,bostadsrätt,Antal,2024,62
0180C3850,äganderätt,Antal,2024,402
0180C3850,uppgift saknas,Antal,2024,0
0180C3860,hyresrätt,Antal,2024,462
0180C3860,bostadsrätt,Antal,2024,563
0180C3860,äganderätt,Antal,2024,0
0180C3860,uppgift saknas,Antal,2024,0
0180C3870,hyresrätt,Antal,2024,223
0180C3870,bostadsrätt,Antal,2024,572
0180C3870,äganderätt,Antal,2024,87
0180C3870,uppgift saknas,Antal,2024,0
0180C3880,hyresrätt,Antal,2024,581
0180C3880,bostadsrätt,Antal,2024,395
0180C3880,äganderätt,Antal,2024,0
0180C3880,uppgift saknas,Antal,2024,0
0180C3890,hyresrätt,Antal,2024,474
0180C3890,bostadsrätt,Antal,2024,661
0180C3890,äganderätt,Antal,2024,0
0180C3890,uppgift saknas,Antal,2024,0
0180C3900,hyresrätt,Antal,2024,193
0180C3900,bostadsrätt,Antal,2024,703
0180C3900,äganderätt,Antal,2024,0
0180C3900,uppgift saknas,Antal,2024,0
0180C3910,hyresrätt,Antal,2024,101
0180C3910,bostadsrätt,Antal,2024,266
0180C3910,äganderätt,Antal,2024,389
0180C3910,uppgift saknas,Antal,2024,0
0180C3920,hyresrätt,Antal,2024,244
0180C3920,bostadsrätt,Antal,2024,51
0180C3920,äganderätt,Antal,2024,98
0180C3920,uppgift saknas,Antal,2024,0
0180C3930,hyresrätt,Antal,2024,172
0180C3930,bostadsrätt,Antal,2024,566
0180C3930,äganderätt,Antal,2024,0
0180C3930,uppgift saknas,Antal,2024,0
0180C3940,hyresrätt,Antal,2024,670
0180C3940,bostadsrätt,Antal,2024,363
0180C3940,äganderätt,Antal,2024,6
0180C3940,uppgift saknas,Antal,2024,0
0180C3950,hyresrätt,Antal,2024,578
0180C3950,bostadsrätt,Antal,2024,328
0180C3950,äganderätt,Antal,2024,0
0180C3950,uppgift saknas,Antal,2024,0
0180C3960,hyresrätt,Antal,2024,302
0180C3960,bostadsrätt,Antal,2024,520
0180C3960,äganderätt,Antal,2024,0
0180C3960,uppgift saknas,Antal,2024,0
0180C3970,hyresrätt,Antal,2024,311
0180C3970,bostadsrätt,Antal,2024,684
0180C3970,äganderätt,Antal,2024,0
0180C3970,uppgift saknas,Antal,2024,0
0180C3980,hyresrätt,Antal,2024,289
0180C3980,bostadsrätt,Antal,2024,755
0180C3980,äganderätt,Antal,2024,0
0180C3980,uppgift saknas,Antal,2024,0
0180C3990,hyresrätt,Antal,2024,322
0180C3990,bostadsrätt,Antal,2024,668
0180C3990,äganderätt,Antal,2024,0
0180C3990,uppgift saknas,Antal,2024,0
0180C4000,hyresrätt,Antal,2024,363
0180C4000,bostadsrätt,Antal,2024,273
0180C4000,äganderätt,Antal,2024,192
0180C4000,uppgift saknas,Antal,2024,0
0180C4010,hyresrätt,Antal,2024,426
0180C4010,bostadsrätt,Antal,2024,749
0180C4010,äganderätt,Antal,2024,0
0180C4010,uppgift saknas,Antal,2024,0
0180C4020,hyresrätt,Antal,2024,96
0180C4020,bostadsrätt,Antal,2024,965
0180C4020,äganderätt,Antal,2024,0
0180C4020,uppgift saknas,Antal,2024,0
0180C4030,hyresrätt,Antal,2024,222
0180C4030,bostadsrätt,Antal,2024,722
0180C4030,äganderätt,Antal,2024,0
0180C4030,uppgift saknas,Antal,2024,0
0180C4040,hyresrätt,Antal,2024,828
0180C4040,bostadsrätt,Antal,2024,564
0180C4040,äganderätt,Antal,2024,0
0180C4040,uppgift saknas,Antal,2024,0
0180C4050,hyresrätt,Antal,2024,660
0180C4050,bostadsrätt,Antal,2024,447
0180C4050,äganderätt,Antal,2024,0
0180C4050,uppgift saknas,Antal,2024,0
0180C4060,hyresrätt,Antal,2024,561
0180C4060,bostadsrätt,Antal,2024,599
0180C4060,äganderätt,Antal,2024,103
0180C4060,uppgift saknas,Antal,2024,0
0180C4070,hyresrätt,Antal,2024,607
0180C4070,bostadsrätt,Antal,2024,377
0180C4070,äganderätt,Antal,2024,0
0180C4070,uppgift saknas,Antal,2024,0
0180C4080,hyresrätt,Antal,2024,366
0180C4080,bostadsrätt,Antal,2024,549
0180C4080,äganderätt,Antal,2024,35
0180C4080,uppgift saknas,Antal,2024,0
0180C4090,hyresrätt,Antal,2024,252
0180C4090,bostadsrätt,Antal,2024,744
0180C4090,äganderätt,Antal,2024,0
0180C4090,uppgift saknas,Antal,2024,0
0180C4100,hyresrätt,Antal,2024,44
0180C4100,bostadsrätt,Antal,2024,711
0180C4100,äganderätt,Antal,2024,0
0180C4100,uppgift saknas,Antal,2024,0
0180C4110,hyresrätt,Antal,2024,89
0180C4110,bostadsrätt,Antal,2024,256
0180C4110,äganderätt,Antal,2024,311
0180C4110,uppgift saknas,Antal,2024,0
0180C4120,hyresrätt,Antal,2024,223
0180C4120,bostadsrätt,Antal,2024,596
0180C4120,äganderätt,Antal,2024,0
0180C4120,uppgift saknas,Antal,2024,0
0180C4130,hyresrätt,Antal,2024,35
0180C4130,bostadsrätt,Antal,2024,872
0180C4130,äganderätt,Antal,2024,0
0180C4130,uppgift saknas,Antal,2024,0
0180C4140,hyresrätt,Antal,2024,237
0180C4140,bostadsrätt,Antal,2024,911
0180C4140,äganderätt,Antal,2024,0
0180C4140,uppgift saknas,Antal,2024,0
0180C4150,hyresrätt,Antal,2024,260
0180C4150,bostadsrätt,Antal,2024,650
0180C4150,äganderätt,Antal,2024,0
0180C4150,uppgift saknas,Antal,2024,0
0180C4160,hyresrätt,Antal,2024,288
0180C4160,bostadsrätt,Antal,2024,604
0180C4160,äganderätt,Antal,2024,0
0180C4160,uppgift saknas,Antal,2024,0
0180C4170,hyresrätt,Antal,2024,297
0180C4170,bostadsrätt,Antal,2024,826
0180C4170,äganderätt,Antal,2024,0
0180C4170,uppgift saknas,Antal,2024,0
0180C4180,hyresrätt,Antal,2024,700
0180C4180,bostadsrätt,Antal,2024,445
0180C4180,äganderätt,Antal,2024,0
0180C4180,uppgift saknas,Antal,2024,0
0180C4190,hyresrätt,Antal,2024,513
0180C4190,bostadsrätt,Antal,2024,455
0180C4190,äganderätt,Antal,2024,0
0180C4190,uppgift saknas,Antal,2024,0
0180C4200,hyresrätt,Antal,2024,74
0180C4200,bostadsrätt,Antal,2024,4
0180C4200,äganderätt,Antal,2024,506
0180C4200,uppgift saknas,Antal,2024,0
0180C4210,hyresrätt,Antal,2024,257
0180C4210,bostadsrätt,Antal,2024,904
0180C4210,äganderätt,Antal,2024,0
0180C4210,uppgift saknas,Antal,2024,0
0180C4220,hyresrätt,Antal,2024,153
0180C4220,bostadsrätt,Antal,2024,1087
0180C4220,äganderätt,Antal,2024,0
0180C4220,uppgift saknas,Antal,2024,0
0180C4230,hyresrätt,Antal,2024,119
0180C4230,bostadsrätt,Antal,2024,918
0180C4230,äganderätt,Antal,2024,0
0180C4230,uppgift saknas,Antal,2024,0
0180C4240,hyresrätt,Antal,2024,500
0180C4240,bostadsrätt,Antal,2024,655
0180C4240,äganderätt,Antal,2024,0
0180C4240,uppgift saknas,Antal,2024,0
0180C4250,hyresrätt,Antal,2024,551
0180C4250,bostadsrätt,Antal,2024,486
0180C4250,äganderätt,Antal,2024,0
0180C4250,uppgift saknas,Antal,2024,0
0180C4260,hyresrätt,Antal,2024,352
0180C4260,bostadsrätt,Antal,2024,683
0180C4260,äganderätt,Antal,2024,0
0180C4260,uppgift saknas,Antal,2024,0
0180C4270,hyresrätt,Antal,2024,171
0180C4270,bostadsrätt,Antal,2024,372
0180C4270,äganderätt,Antal,2024,0
0180C4270,uppgift saknas,Antal,2024,0
0180C4280,hyresrätt,Antal,2024,420
0180C4280,bostadsrätt,Antal,2024,846
0180C4280,äganderätt,Antal,2024,0
0180C4280,uppgift saknas,Antal,2024,0
0180C4290,hyresrätt,Antal,2024,14
0180C4290,bostadsrätt,Antal,2024,940
0180C4290,äganderätt,Antal,2024,0
0180C4290,uppgift saknas,Antal,2024,0
0180C4300,hyresrätt,Antal,2024,562
0180C4300,bostadsrätt,Antal,2024,587
0180C4300,äganderätt,Antal,2024,0
0180C4300,uppgift saknas,Antal,2024,0
0180C4310,hyresrätt,Antal,2024,240
0180C4310,bostadsrätt,Antal,2024,803
0180C4310,äganderätt,Antal,2024,0
0180C4310,uppgift saknas,Antal,2024,0
0180C4320,hyresrätt,Antal,2024,0
0180C4320,bostadsrätt,Antal,2024,856
0180C4320,äganderätt,Antal,2024,0
0180C4320,uppgift saknas,Antal,2024,0
0180C4330,hyresrätt,Antal,2024,336
0180C4330,bostadsrätt,Antal,2024,611
0180C4330,äganderätt,Antal,2024,0
0180C4330,uppgift saknas,Antal,2024,0
0180C4340,hyresrätt,Antal,2024,471
0180C4340,bostadsrätt,Antal,2024,565
0180C4340,äganderätt,Antal,2024,0
0180C4340,uppgift saknas,Antal,2024,0
0180C4350,hyresrätt,Antal,2024,522
0180C4350,bostadsrätt,Antal,2024,447
0180C4350,äganderätt,Antal,2024,0
0180C4350,uppgift saknas,Antal,2024,0
0180C4360,hyresrätt,Antal,2024,367
0180C4360,bostadsrätt,Antal,2024,874
0180C4360,äganderätt,Antal,2024,0
0180C4360,uppgift saknas,Antal,2024,0
0180C4370,hyresrätt,Antal,2024,211
0180C4370,bostadsrätt,Antal,2024,574
0180C4370,äganderätt,Antal,2024,0
0180C4370,uppgift saknas,Antal,2024,0
0180C4380,hyresrätt,Antal,2024,249
0180C4380,bostadsrätt,Antal,2024,890
0180C4380,äganderätt,Antal,2024,0
0180C4380,uppgift saknas,Antal,2024,0
0180C4390,hyresrätt,Antal,2024,94
0180C4390,bostadsrätt,Antal,2024,523
0180C4390,äganderätt,Antal,2024,6
0180C4390,uppgift saknas,Antal,2024,0
0180C4400,hyresrätt,Antal,2024,313
0180C4400,bostadsrätt,Antal,2024,550
0180C4400,äganderätt,Antal,2024,0
0180C4400,uppgift saknas,Antal,2024,0
0180C4410,hyresrätt,Antal,2024,530
0180C4410,bostadsrätt,Antal,2024,682
0180C4410,äganderätt,Antal,2024,0
0180C4410,uppgift saknas,Antal,2024,0
0180C4420,hyresrätt,Antal,2024,266
0180C4420,bostadsrätt,Antal,2024,711
0180C4420,äganderätt,Antal,2024,0
0180C4420,uppgift saknas,Antal,2024,0
0180C4430,hyresrätt,Antal,2024,322
0180C4430,bostadsrätt,Antal,2024,686
0180C4430,äganderätt,Antal,2024,0
0180C4430,uppgift saknas,Antal,2024,0
0180C4440,hyresrätt,Antal,2024,333
0180C4440,bostadsrätt,Antal,2024,561
0180C4440,äganderätt,Antal,2024,0
0180C4440,uppgift saknas,Antal,2024,0
0180C4450,hyresrätt,Antal,2024,163
0180C4450,bostadsrätt,Antal,2024,944
0180C4450,äganderätt,Antal,2024,0
0180C4450,uppgift saknas,Antal,2024,0
0180C4460,hyresrätt,Antal,2024,1179
0180C4460,bostadsrätt,Antal,2024,258
0180C4460,äganderätt,Antal,2024,4
0180C4460,uppgift saknas,Antal,2024,0
0180C4470,hyresrätt,Antal,2024,1381
0180C4470,bostadsrätt,Antal,2024,453
0180C4470,äganderätt,Antal,2024,65
0180C4470,uppgift saknas,Antal,2024,0
0180C4480,hyresrätt,Antal,2024,468
0180C4480,bostadsrätt,Antal,2024,156
0180C4480,äganderätt,Antal,2024,45
0180C4480,uppgift saknas,Antal,2024,0
0180C4490,hyresrätt,Antal,2024,242
0180C4490,bostadsrätt,Antal,2024,902
0180C4490,äganderätt,Antal,2024,0
0180C4490,uppgift saknas,Antal,2024,0
0180C4500,hyresrätt,Antal,2024,408
0180C4500,bostadsrätt,Antal,2024,406
0180C4500,äganderätt,Antal,2024,0
0180C4500,uppgift saknas,Antal,2024,0
0180C4510,hyresrätt,Antal,2024,5
0180C4510,bostadsrätt,Antal,2024,49
0180C4510,äganderätt,Antal,2024,495
0180C4510,uppgift saknas,Antal,2024,0
0180C4520,hyresrätt,Antal,2024,337
0180C4520,bostadsrätt,Antal,2024,803
0180C4520,äganderätt,Antal,2024,0
0180C4520,uppgift saknas,Antal,2024,0
0180C4530,hyresrätt,Antal,2024,379
0180C4530,bostadsrätt,Antal,2024,1408
0180C4530,äganderätt,Antal,2024,4
0180C4530,uppgift saknas,Antal,2024,0
0180C4540,hyresrätt,Antal,2024,261
0180C4540,bostadsrätt,Antal,2024,593
0180C4540,äganderätt,Antal,2024,0
0180C4540,uppgift saknas,Antal,2024,0
0180C4550,hyresrätt,Antal,2024,326
0180C4550,bostadsrätt,Antal,2024,224
0180C4550,äganderätt,Antal,2024,0
0180C4550,uppgift saknas,Antal,2024,0
0180C4560,hyresrätt,Antal,2024,238
0180C4560,bostadsrätt,Antal,2024,947
0180C4560,äganderätt,Antal,2024,0
0180C4560,uppgift saknas,Antal,2024,0
0180C4570,hyresrätt,Antal,2024,157
0180C4570,bostadsrätt,Antal,2024,221
0180C4570,äganderätt,Antal,2024,190
0180C4570,uppgift saknas,Antal,2024,0
0180C4580,hyresrätt,Antal,2024,0
0180C4580,bostadsrätt,Antal,2024,948
0180C4580,äganderätt,Antal,2024,0
0180C4580,uppgift saknas,Antal,2024,0
0180C4590,hyresrätt,Antal,2024,72
0180C4590,bostadsrätt,Antal,2024,915
0180C4590,äganderätt,Antal,2024,0
0180C4590,uppgift saknas,Antal,2024,0
0180C4600,hyresrätt,Antal,2024,411
0180C4600,bostadsrätt,Antal,2024,698
0180C4600,äganderätt,Antal,2024,0
0180C4600,uppgift saknas,Antal,2024,0
0180C4610,hyresrätt,Antal,2024,376
0180C4610,bostadsrätt,Antal,2024,817
0180C4610,äganderätt,Antal,2024,7
0180C4610,uppgift saknas,Antal,2024,0
0180C4620,hyresrätt,Antal,2024,300
0180C4620,bostadsrätt,Antal,2024,714
0180C4620,äganderätt,Antal,2024,0
0180C4620,uppgift saknas,Antal,2024,0
0180C4630,hyresrätt,Antal,2024,813
0180C4630,bostadsrätt,Antal,2024,394
0180C4630,äganderätt,Antal,2024,0
0180C4630,uppgift saknas,Antal,2024,0
0180C4640,hyresrätt,Antal,2024,510
0180C4640,bostadsrätt,Antal,2024,505
0180C4640,äganderätt,Antal,2024,0
0180C4640,uppgift saknas,Antal,2024,0
0180C4650,hyresrätt,Antal,2024,212
0180C4650,bostadsrätt,Antal,2024,576
0180C4650,äganderätt,Antal,2024,0
0180C4650,uppgift saknas,Antal,2024,0
0180C4660,hyresrätt,Antal,2024,291
0180C4660,bostadsrätt,Antal,2024,699
0180C4660,äganderätt,Antal,2024,0
0180C4660,uppgift saknas,Antal,2024,0
0180C4670,hyresrätt,Antal,2024,282
0180C4670,bostadsrätt,Antal,2024,635
0180C4670,äganderätt,Antal,2024,1
0180C4670,uppgift saknas,Antal,2024,0
0180C4680,hyresrätt,Antal,2024,0
0180C4680,bostadsrätt,Antal,2024,630
0180C4680,äganderätt,Antal,2024,0
0180C4680,uppgift saknas,Antal,2024,0
0180C4690,hyresrätt,Antal,2024,263
0180C4690,bostadsrätt,Antal,2024,594
0180C4690,äganderätt,Antal,2024,0
0180C4690,uppgift saknas,Antal,2024,0
0180C4700,hyresrätt,Antal,2024,393
0180C4700,bostadsrätt,Antal,2024,1015
0180C4700,äganderätt,Antal,2024,10
0180C4700,uppgift saknas,Antal,2024,0
0180C4710,hyresrätt,Antal,2024,590
0180C4710,bostadsrätt,Antal,2024,833
0180C4710,äganderätt,Antal,2024,0
0180C4710,uppgift saknas,Antal,2024,0
0180C4720,hyresrätt,Antal,2024,291
0180C4720,bostadsrätt,Antal,2024,703
0180C4720,äganderätt,Antal,2024,1
0180C4720,uppgift saknas,Antal,2024,0
0180C4730,hyresrätt,Antal,2024,462
0180C4730,bostadsrätt,Antal,2024,432
0180C4730,äganderätt,Antal,2024,0
0180C4730,uppgift saknas,Antal,2024,0
0180C4740,hyresrätt,Antal,2024,164
0180C4740,bostadsrätt,Antal,2024,721
0180C4740,äganderätt,Antal,2024,0
0180C4740,uppgift saknas,Antal,2024,0
0180C4750,hyresrätt,Antal,2024,371
0180C4750,bostadsrätt,Antal,2024,503
0180C4750,äganderätt,Antal,2024,0
0180C4750,uppgift saknas,Antal,2024,0
0180C4760,hyresrätt,Antal,2024,91
0180C4760,bostadsrätt,Antal,2024,608
0180C4760,äganderätt,Antal,2024,0
0180C4760,uppgift saknas,Antal,2024,0
0180C4770,hyresrätt,Antal,2024,520
0180C4770,bostadsrätt,Antal,2024,697
0180C4770,äganderätt,Antal,2024,0
0180C4770,uppgift saknas,Antal,2024,0
0180C4780,hyresrätt,Antal,2024,336
0180C4780,bostadsrätt,Antal,2024,648
0180C4780,äganderätt,Antal,2024,0
0180C4780,uppgift saknas,Antal,2024,0
0180C4790,hyresrätt,Antal,2024,82
0180C4790,bostadsrätt,Antal,2024,958
0180C4790,äganderätt,Antal,2024,0
0180C4790,uppgift saknas,Antal,2024,0
0180C4800,hyresrätt,Antal,2024,368
0180C4800,bostadsrätt,Antal,2024,451
0180C4800,äganderätt,Antal,2024,0
0180C4800,uppgift saknas,Antal,2024,0
0180C4810,hyresrätt,Antal,2024,167
0180C4810,bostadsrätt,Antal,2024,541
0180C4810,äganderätt,Antal,2024,0
0180C4810,uppgift saknas,Antal,2024,0
0180C4820,hyresrätt,Antal,2024,160
0180C4820,bostadsrätt,Antal,2024,822
0180C4820,äganderätt,Antal,2024,0
0180C4820,uppgift saknas,Antal,2024,0
0180C4830,hyresrätt,Antal,2024,182
0180C4830,bostadsrätt,Antal,2024,780
0180C4830,äganderätt,Antal,2024,1
0180C4830,uppgift saknas,Antal,2024,0
0180C4840,hyresrätt,Antal,2024,371
0180C4840,bostadsrätt,Antal,2024,653
0180C4840,äganderätt,Antal,2024,0
0180C4840,uppgift saknas,Antal,2024,0
0180C4850,hyresrätt,Antal,2024,81
0180C4850,bostadsrätt,Antal,2024,799
0180C4850,äganderätt,Antal,2024,0
0180C4850,uppgift saknas,Antal,2024,0
0180C4860,hyresrätt,Antal,2024,200
0180C4860,bostadsrätt,Antal,2024,872
0180C4860,äganderätt,Antal,2024,0
0180C4860,uppgift saknas,Antal,2024,0
0180C4870,hyresrätt,Antal,2024,294
0180C4870,bostadsrätt,Antal,2024,589
0180C4870,äganderätt,Antal,2024,0
0180C4870,uppgift saknas,Antal,2024,0
0180C4880,hyresrätt,Antal,2024,250
0180C4880,bostadsrätt,Antal,2024,514
0180C4880,äganderätt,Antal,2024,0
0180C4880,uppgift saknas,Antal,2024,0
0180C4890,hyresrätt,Antal,2024,161
0180C4890,bostadsrätt,Antal,2024,612
0180C4890,äganderätt,Antal,2024,0
0180C4890,uppgift saknas,Antal,2024,0
0180C4900,hyresrätt,Antal,2024,288
0180C4900,bostadsrätt,Antal,2024,635
0180C4900,äganderätt,Antal,2024,0
0180C4900,uppgift saknas,Antal,2024,0
0180C4910,hyresrätt,Antal,2024,452
0180C4910,bostadsrätt,Antal,2024,611
0180C4910,äganderätt,Antal,2024,0
0180C4910,uppgift saknas,Antal,2024,0
0180C4920,hyresrätt,Antal,2024,193
0180C4920,bostadsrätt,Antal,2024,728
0180C4920,äganderätt,Antal,2024,0
0180C4920,uppgift saknas,Antal,2024,0
0180C4930,hyresrätt,Antal,2024,429
0180C4930,bostadsrätt,Antal,2024,892
0180C4930,äganderätt,Antal,2024,0
0180C4930,uppgift saknas,Antal,2024,0
0180C4940,hyresrätt,Antal,2024,761
0180C4940,bostadsrätt,Antal,2024,501
0180C4940,äganderätt,Antal,2024,0
0180C4940,uppgift saknas,Antal,2024,0
0180C4950,hyresrätt,Antal,2024,519
0180C4950,bostadsrätt,Antal,2024,387
0180C4950,äganderätt,Antal,2024,0
0180C4950,uppgift saknas,Antal,2024,0
0180C4960,hyresrätt,Antal,2024,218
0180C4960,bostadsrätt,Antal,2024,747
0180C4960,äganderätt,Antal,2024,2
0180C4960,uppgift saknas,Antal,2024,0
0180C4970,hyresrätt,Antal,2024,392
0180C4970,bostadsrätt,Antal,2024,62
0180C4970,äganderätt,Antal,2024,501
0180C4970,uppgift saknas,Antal,2024,0
0180C4980,hyresrätt,Antal,2024,386
0180C4980,bostadsrätt,Antal,2024,394
0180C4980,äganderätt,Antal,2024,0
0180C4980,uppgift saknas,Antal,2024,0
0180C4990,hyresrätt,Antal,2024,346
0180C4990,bostadsrätt,Antal,2024,579
0180C4990,äganderätt,Antal,2024,0
0180C4990,uppgift saknas,Antal,2024,0
0180C5000,hyresrätt,Antal,2024,267
0180C5000,bostadsrätt,Antal,2024,749
0180C5000,äganderätt,Antal,2024,3
0180C5000,uppgift saknas,Antal,2024,0
0180C5010,hyresrätt,Antal,2024,108
0180C5010,bostadsrätt,Antal,2024,852
0180C5010,äganderätt,Antal,2024,0
0180C5010,uppgift saknas,Antal,2024,0
0180C5020,hyresrätt,Antal,2024,337
0180C5020,bostadsrätt,Antal,2024,812
0180C5020,äganderätt,Antal,2024,0
0180C5020,uppgift saknas,Antal,2024,0
0180C5030,hyresrätt,Antal,2024,649
0180C5030,bostadsrätt,Antal,2024,643
0180C5030,äganderätt,Antal,2024,0
0180C5030,uppgift saknas,Antal,2024,0
0180C5040,hyresrätt,Antal,2024,265
0180C5040,bostadsrätt,Antal,2024,898
0180C5040,äganderätt,Antal,2024,0
0180C5040,uppgift saknas,Antal,2024,0
0180C5050,hyresrätt,Antal,2024,374
0180C5050,bostadsrätt,Antal,2024,762
0180C5050,äganderätt,Antal,2024,0
0180C5050,uppgift saknas,Antal,2024,0
0180C5060,hyresrätt,Antal,2024,177
0180C5060,bostadsrätt,Antal,2024,864
0180C5060,äganderätt,Antal,2024,0
0180C5060,uppgift saknas,Antal,2024,0
0180C5070,hyresrätt,Antal,2024,400
0180C5070,bostadsrätt,Antal,2024,511
0180C5070,äganderätt,Antal,2024,0
0180C5070,uppgift saknas,Antal,2024,0
0180C5080,hyresrätt,Antal,2024,291
0180C5080,bostadsrätt,Antal,2024,1050
0180C5080,äganderätt,Antal,2024,0
0180C5080,uppgift saknas,Antal,2024,0
0180C5090,hyresrätt,Antal,2024,331
0180C5090,bostadsrätt,Antal,2024,755
0180C5090,äganderätt,Antal,2024,0
0180C5090,uppgift saknas,Antal,2024,0
0180C5100,hyresrätt,Antal,2024,523
0180C5100,bostadsrätt,Antal,2024,582
0180C5100,äganderätt,Antal,2024,0
0180C5100,uppgift saknas,Antal,2024,0
0180C5110,hyresrätt,Antal,2024,93
0180C5110,bostadsrätt,Antal,2024,855
0180C5110,äganderätt,Antal,2024,0
0180C5110,uppgift saknas,Antal,2024,0
0180C5120,hyresrätt,Antal,2024,309
0180C5120,bostadsrätt,Antal,2024,702
0180C5120,äganderätt,Antal,2024,2
0180C5120,uppgift saknas,Antal,2024,0
0180C5130,hyresrätt,Antal,2024,138
0180C5130,bostadsrätt,Antal,2024,573
0180C5130,äganderätt,Antal,2024,0
0180C5130,uppgift saknas,Antal,2024,0
0180C5140,hyresrätt,Antal,2024,326
0180C5140,bostadsrätt,Antal,2024,494
0180C5140,äganderätt,Antal,2024,0
0180C5140,uppgift saknas,Antal,2024,0
0180C5150,hyresrätt,Antal,2024,7
0180C5150,bostadsrätt,Antal,2024,64
0180C5150,äganderätt,Antal,2024,554
0180C5150,uppgift saknas,Antal,2024,0
0180C5160,hyresrätt,Antal,2024,191
0180C5160,bostadsrätt,Antal,2024,623
0180C5160,äganderätt,Antal,2024,29
0180C5160,uppgift saknas,Antal,2024,0
0180C5170,hyresrätt,Antal,2024,432
0180C5170,bostadsrätt,Antal,2024,469
0180C5170,äganderätt,Antal,2024,0
0180C5170,uppgift saknas,Antal,2024,0
0180C5180,hyresrätt,Antal,2024,438
0180C5180,bostadsrätt,Antal,2024,293
0180C5180,äganderätt,Antal,2024,0
0180C5180,uppgift saknas,Antal,2024,0
0180C5190,hyresrätt,Antal,2024,471
0180C5190,bostadsrätt,Antal,2024,284
0180C5190,äganderätt,Antal,2024,0
0180C5190,uppgift saknas,Antal,2024,0
0180C5200,hyresrätt,Antal,2024,238
0180C5200,bostadsrätt,Antal,2024,647
0180C5200,äganderätt,Antal,2024,0
0180C5200,uppgift saknas,Antal,2024,0
0180C5210,hyresrätt,Antal,2024,414
0180C5210,bostadsrätt,Antal,2024,1045
0180C5210,äganderätt,Antal,2024,0
0180C5210,uppgift saknas,Antal,2024,0
0180C5220,hyresrätt,Antal,2024,490
0180C5220,bostadsrätt,Antal,2024,778
0180C5220,äganderätt,Antal,2024,0
0180C5220,uppgift saknas,Antal,2024,0
0180C5230,hyresrätt,Antal,2024,369
0180C5230,bostadsrätt,Antal,2024,725
0180C5230,äganderätt,Antal,2024,0
0180C5230,uppgift saknas,Antal,2024,0
0180C5240,hyresrätt,Antal,2024,300
0180C5240,bostadsrätt,Antal,2024,347
0180C5240,äganderätt,Antal,2024,0
0180C5240,uppgift saknas,Antal,2024,0
0180C5250,hyresrätt,Antal,2024,398
0180C5250,bostadsrätt,Antal,2024,235
0180C5250,äganderätt,Antal,2024,444
0180C5250,uppgift saknas,Antal,2024,0
0180C5261,hyresrätt,Antal,2024,0
0180C5261,bostadsrätt,Antal,2024,926
0180C5261,äganderätt,Antal,2024,0
0180C5261,uppgift saknas,Antal,2024,0
0180C5262,hyresrätt,Antal,2024,259
0180C5262,bostadsrätt,Antal,2024,511
0180C5262,äganderätt,Antal,2024,0
0180C5262,uppgift saknas,Antal,2024,0
0180C5263,hyresrätt,Antal,2024,306
0180C5263,bostadsrätt,Antal,2024,584
0180C5263,äganderätt,Antal,2024,97
0180C5263,uppgift saknas,Antal,2024,0
0180C5264,hyresrätt,Antal,2024,490
0180C5264,bostadsrätt,Antal,2024,637
0180C5264,äganderätt,Antal,2024,0
0180C5264,uppgift saknas,Antal,2024,0
0180C5270,hyresrätt,Antal,2024,277
0180C5270,bostadsrätt,Antal,2024,781
0180C5270,äganderätt,Antal,2024,0
0180C5270,uppgift saknas,Antal,2024,0
0180C5280,hyresrätt,Antal,2024,85
0180C5280,bostadsrätt,Antal,2024,656
0180C5280,äganderätt,Antal,2024,0
0180C5280,uppgift saknas,Antal,2024,0
0180C5290,hyresrätt,Antal,2024,335
0180C5290,bostadsrätt,Antal,2024,847
0180C5290,äganderätt,Antal,2024,0
0180C5290,uppgift saknas,Antal,2024,0
0180C5300,hyresrätt,Antal,2024,465
0180C5300,bostadsrätt,Antal,2024,719
0180C5300,äganderätt,Antal,2024,0
0180C5300,uppgift saknas,Antal,2024,0
0180C5310,hyresrätt,Antal,2024,460
0180C5310,bostadsrätt,Antal,2024,748
0180C5310,äganderätt,Antal,2024,0
0180C5310,uppgift saknas,Antal,2024,0
0180C5320,hyresrätt,Antal,2024,174
0180C5320,bostadsrätt,Antal,2024,1023
0180C5320,äganderätt,Antal,2024,0
0180C5320,uppgift saknas,Antal,2024,0
0180C5330,hyresrätt,Antal,2024,1212
0180C5330,bostadsrätt,Antal,2024,236
0180C5330,äganderätt,Antal,2024,0
0180C5330,uppgift saknas,Antal,2024,0
0180C5340,hyresrätt,Antal,2024,216
0180C5340,bostadsrätt,Antal,2024,436
0180C5340,äganderätt,Antal,2024,0
0180C5340,uppgift saknas,Antal,2024,0
0180C5350,hyresrätt,Antal,2024,471
0180C5350,bostadsrätt,Antal,2024,836
0180C5350,äganderätt,Antal,2024,0
0180C5350,uppgift saknas,Antal,2024,0
0180C5360,hyresrätt,Antal,2024,113
0180C5360,bostadsrätt,Antal,2024,822
0180C5360,äganderätt,Antal,2024,0
0180C5360,uppgift saknas,Antal,2024,0
0180C5370,hyresrätt,Antal,2024,235
0180C5370,bostadsrätt,Antal,2024,775
0180C5370,äganderätt,Antal,2024,0
0180C5370,uppgift saknas,Antal,2024,0
0180C5380,hyresrätt,Antal,2024,650
0180C5380,bostadsrätt,Antal,2024,581
0180C5380,äganderätt,Antal,2024,0
0180C5380,uppgift saknas,Antal,2024,0
0180C5390,hyresrätt,Antal,2024,121
0180C5390,bostadsrätt,Antal,2024,908
0180C5390,äganderätt,Antal,2024,0
0180C5390,uppgift saknas,Antal,2024,0
0180C5400,hyresrätt,Antal,2024,64
0180C5400,bostadsrätt,Antal,2024,43
0180C5400,äganderätt,Antal,2024,403
0180C5400,uppgift saknas,Antal,2024,0
0180C5410,hyresrätt,Antal,2024,753
0180C5410,bostadsrätt,Antal,2024,153
0180C5410,äganderätt,Antal,2024,0
0180C5410,uppgift saknas,Antal,2024,0
0180C5421,hyresrätt,Antal,2024,227
0180C5421,bostadsrätt,Antal,2024,505
0180C5421,äganderätt,Antal,2024,0
0180C5421,uppgift saknas,Antal,2024,0
0180C5422,hyresrätt,Antal,2024,385
0180C5422,bostadsrätt,Antal,2024,368
0180C5422,äganderätt,Antal,2024,0
0180C5422,uppgift saknas,Antal,2024,0
0180C5431,hyresrätt,Antal,2024,748
0180C5431,bostadsrätt,Antal,2024,0
0180C5431,äganderätt,Antal,2024,0
0180C5431,uppgift saknas,Antal,2024,0
0180C5432,hyresrätt,Antal,2024,826
0180C5432,bostadsrätt,Antal,2024,449
0180C5432,äganderätt,Antal,2024,0
0180C5432,uppgift saknas,Antal,2024,0
0180C5440,hyresrätt,Antal,2024,356
0180C5440,bostadsrätt,Antal,2024,543
0180C5440,äganderätt,Antal,2024,0
0180C5440,uppgift saknas,Antal,2024,0
0180C5450,hyresrätt,Antal,2024,161
0180C5450,bostadsrätt,Antal,2024,1102
0180C5450,äganderätt,Antal,2024,0
0180C5450,uppgift saknas,Antal,2024,0
0180C5460,hyresrätt,Antal,2024,4
0180C5460,bostadsrätt,Antal,2024,9
0180C5460,äganderätt,Antal,2024,341
0180C5460,uppgift saknas,Antal,2024,0
0180C5470,hyresrätt,Antal,2024,961
0180C5470,bostadsrätt,Antal,2024,88
0180C5470,äganderätt,Antal,2024,0
0180C5470,uppgift saknas,Antal,2024,0
0180C5480,hyresrätt,Antal,2024,228
0180C5480,bostadsrätt,Antal,2024,179
0180C5480,äganderätt,Antal,2024,0
0180C5480,uppgift saknas,Antal,2024,0
0180C5490,hyresrätt,Antal,2024,1802
0180C5490,bostadsrätt,Antal,2024,337
0180C5490,äganderätt,Antal,2024,0
0180C5490,uppgift saknas,Antal,2024,0
0180C5500,hyresrätt,Antal,2024,296
0180C5500,bostadsrätt,Antal,2024,524
0180C5500,äganderätt,Antal,2024,38
0180C5500,uppgift saknas,Antal,2024,0
0180C5510,hyresrätt,Antal,2024,566
0180C5510,bostadsrätt,Antal,2024,219
0180C5510,äganderätt,Antal,2024,50
0180C5510,uppgift saknas,Antal,2024,0
0180C5520,hyresrätt,Antal,2024,0
0180C5520,bostadsrätt,Antal,2024,661
0180C5520,äganderätt,Antal,2024,0
0180C5520,uppgift saknas,Antal,2024,0
0180C5530,hyresrätt,Antal,2024,833
0180C5530,bostadsrätt,Antal,2024,432
0180C5530,äganderätt,Antal,2024,0
0180C5530,uppgift saknas,Antal,2024,0
0180C5540,hyresrätt,Antal,2024,208
0180C5540,bostadsrätt,Antal,2024,784
0180C5540,äganderätt,Antal,2024,139
0180C5540,uppgift saknas,Antal,2024,0
0180C5550,hyresrätt,Antal,2024,20
0180C5550,bostadsrätt,Antal,2024,564
0180C5550,äganderätt,Antal,2024,29
0180C5550,uppgift saknas,Antal,2024,0
0180C5560,hyresrätt,Antal,2024,9
0180C5560,bostadsrätt,Antal,2024,13
0180C5560,äganderätt,Antal,2024,273
0180C5560,uppgift saknas,Antal,2024,0
0180C5570,hyresrätt,Antal,2024,415
0180C5570,bostadsrätt,Antal,2024,553
0180C5570,äganderätt,Antal,2024,0
0180C5570,uppgift saknas,Antal,2024,0
0180C5580,hyresrätt,Antal,2024,809
0180C5580,bostadsrätt,Antal,2024,240
0180C5580,äganderätt,Antal,2024,0
0180C5580,uppgift saknas,Antal,2024,0
0180C5590,hyresrätt,Antal,2024,354
0180C5590,bostadsrätt,Antal,2024,581
0180C5590,äganderätt,Antal,2024,0
0180C5590,uppgift saknas,Antal,2024,0
0180C5600,hyresrätt,Antal,2024,774
0180C5600,bostadsrätt,Antal,2024,144
0180C5600,äganderätt,Antal,2024,29
0180C5600,uppgift saknas,Antal,2024,0
0180C5610,hyresrätt,Antal,2024,590
0180C5610,bostadsrätt,Antal,2024,145
0180C5610,äganderätt,Antal,2024,0
0180C5610,uppgift saknas,Antal,2024,0
0180C5620,hyresrätt,Antal,2024,539
0180C5620,bostadsrätt,Antal,2024,337
0180C5620,äganderätt,Antal,2024,61
0180C5620,uppgift saknas,Antal,2024,0
0180C5630,hyresrätt,Antal,2024,182
0180C5630,bostadsrätt,Antal,2024,550
0180C5630,äganderätt,Antal,2024,37
0180C5630,uppgift saknas,Antal,2024,0
0180C5640,hyresrätt,Antal,2024,20
0180C5640,bostadsrätt,Antal,2024,7
0180C5640,äganderätt,Antal,2024,374
0180C5640,uppgift saknas,Antal,2024,0
0180C5651,hyresrätt,Antal,2024,209
0180C5651,bostadsrätt,Antal,2024,465
0180C5651,äganderätt,Antal,2024,0
0180C5651,uppgift saknas,Antal,2024,0
0180C5652,hyresrätt,Antal,2024,347
0180C5652,bostadsrätt,Antal,2024,252
0180C5652,äganderätt,Antal,2024,0
0180C5652,uppgift saknas,Antal,2024,0
0180C5653,hyresrätt,Antal,2024,254
0180C5653,bostadsrätt,Antal,2024,324
0180C5653,äganderätt,Antal,2024,2
0180C5653,uppgift saknas,Antal,2024,0
0180C5660,hyresrätt,Antal,2024,1077
0180C5660,bostadsrätt,Antal,2024,224
0180C5660,äganderätt,Antal,2024,0
0180C5660,uppgift saknas,Antal,2024,0
0180C5670,hyresrätt,Antal,2024,986
0180C5670,bostadsrätt,Antal,2024,11
0180C5670,äganderätt,Antal,2024,0
0180C5670,uppgift saknas,Antal,2024,0
0180C5680,hyresrätt,Antal,2024,999
0180C5680,bostadsrätt,Antal,2024,136
0180C5680,äganderätt,Antal,2024,219
0180C5680,uppgift saknas,Antal,2024,0
0180C5691,hyresrätt,Antal,2024,559
0180C5691,bostadsrätt,Antal,2024,214
0180C5691,äganderätt,Antal,2024,0
0180C5691,uppgift saknas,Antal,2024,0
0180C5692,hyresrätt,Antal,2024,86
0180C5692,bostadsrätt,Antal,2024,1193
0180C5692,äganderätt,Antal,2024,19
0180C5692,uppgift saknas,Antal,2024,0
0180C5700,hyresrätt,Antal,2024,420
0180C5700,bostadsrätt,Antal,2024,418
0180C5700,äganderätt,Antal,2024,0
0180C5700,uppgift saknas,Antal,2024,0
0180C5710,hyresrätt,Antal,2024,824
0180C5710,bostadsrätt,Antal,2024,286
0180C5710,äganderätt,Antal,2024,0
0180C5710,uppgift saknas,Antal,2024,0
0180C5720,hyresrätt,Antal,2024,294
0180C5720,bostadsrätt,Antal,2024,485
0180C5720,äganderätt,Antal,2024,29
0180C5720,uppgift saknas,Antal,2024,0
0180C5730,hyresrätt,Antal,2024,853
0180C5730,bostadsrätt,Antal,2024,263
0180C5730,äganderätt,Antal,2024,0
0180C5730,uppgift saknas,Antal,2024,0
0180C5740,hyresrätt,Antal,2024,17
0180C5740,bostadsrätt,Antal,2024,14
0180C5740,äganderätt,Antal,2024,240
0180C5740,uppgift saknas,Antal,2024,0
0180C5751,hyresrätt,Antal,2024,0
0180C5751,bostadsrätt,Antal,2024,389
0180C5751,äganderätt,Antal,2024,0
0180C5751,uppgift saknas,Antal,2024,0
0180C5752,hyresrätt,Antal,2024,587
0180C5752,bostadsrätt,Antal,2024,358
0180C5752,äganderätt,Antal,2024,0
0180C5752,uppgift saknas,Antal,2024,0
0180C5760,hyresrätt,Antal,2024,786
0180C5760,bostadsrätt,Antal,2024,118
0180C5760,äganderätt,Antal,2024,0
0180C5760,uppgift saknas,Antal,2024,0
0180C5770,hyresrätt,Antal,2024,1064
0180C5770,bostadsrätt,Antal,2024,503
0180C5770,äganderätt,Antal,2024,30
0180C5770,uppgift saknas,Antal,2024,0
0180C5780,hyresrätt,Antal,2024,772
0180C5780,bostadsrätt,Antal,2024,105
0180C5780,äganderätt,Antal,2024,0
0180C5780,uppgift saknas,Antal,2024,0
0180C5790,hyresrätt,Antal,2024,761
0180C5790,bostadsrätt,Antal,2024,141
0180C5790,äganderätt,Antal,2024,0
0180C5790,uppgift saknas,Antal,2024,0
0180C5800,hyresrätt,Antal,2024,174
0180C5800,bostadsrätt,Antal,2024,329
0180C5800,äganderätt,Antal,2024,192
0180C5800,uppgift saknas,Antal,2024,0
0180C5810,hyresrätt,Antal,2024,291
0180C5810,bostadsrätt,Antal,2024,351
0180C5810,äganderätt,Antal,2024,320
0180C5810,uppgift saknas,Antal,2024,0
0180C5820,hyresrätt,Antal,2024,170
0180C5820,bostadsrätt,Antal,2024,6
0180C5820,äganderätt,Antal,2024,656
0180C5820,uppgift saknas,Antal,2024,0
0180C5830,hyresrätt,Antal,2024,52
0180C5830,bostadsrätt,Antal,2024,58
0180C5830,äganderätt,Antal,2024,597
0180C5830,uppgift saknas,Antal,2024,0
0180C5840,hyresrätt,Antal,2024,37
0180C5840,bostadsrätt,Antal,2024,76
0180C5840,äganderätt,Antal,2024,386
0180C5840,uppgift saknas,Antal,2024,0
0180C5850,hyresrätt,Antal,2024,115
0180C5850,bostadsrätt,Antal,2024,38
0180C5850,äganderätt,Antal,2024,670
0180C5850,uppgift saknas,Antal,2024,0
0180C5861,hyresrätt,Antal,2024,1561
0180C5861,bostadsrätt,Antal,2024,0
0180C5861,äganderätt,Antal,2024,0
0180C5861,uppgift saknas,Antal,2024,0
0180C5862,hyresrätt,Antal,2024,42
0180C5862,bostadsrätt,Antal,2024,201
0180C5862,äganderätt,Antal,2024,519
0180C5862,uppgift saknas,Antal,2024,1
0180C5870,hyresrätt,Antal,2024,192
0180C5870,bostadsrätt,Antal,2024,81
0180C5870,äganderätt,Antal,2024,336
0180C5870,uppgift saknas,Antal,2024,0
0180C5880,hyresrätt,Antal,2024,421
0180C5880,bostadsrätt,Antal,2024,142
0180C5880,äganderätt,Antal,2024,54
0180C5880,uppgift saknas,Antal,2024,0
0180C5890,hyresrätt,Antal,2024,161
0180C5890,bostadsrätt,Antal,2024,15
0180C5890,äganderätt,Antal,2024,487
0180C5890,uppgift saknas,Antal,2024,0
0180C5900,hyresrätt,Antal,2024,1853
0180C5900,bostadsrätt,Antal,2024,0
0180C5900,äganderätt,Antal,2024,0
0180C5900,uppgift saknas,Antal,2024,0
0180C5910,hyresrätt,Antal,2024,512
0180C5910,bostadsrätt,Antal,2024,268
0180C5910,äganderätt,Antal,2024,287
0180C5910,uppgift saknas,Antal,2024,0
0180C5920,hyresrätt,Antal,2024,1
0180C5920,bostadsrätt,Antal,2024,16
0180C5920,äganderätt,Antal,2024,573
0180C5920,uppgift saknas,Antal,2024,0
0180C5930,hyresrätt,Antal,2024,1
0180C5930,bostadsrätt,Antal,2024,26
0180C5930,äganderätt,Antal,2024,532
0180C5930,uppgift saknas,Antal,2024,0
0180C5940,hyresrätt,Antal,2024,8
0180C5940,bostadsrätt,Antal,2024,203
0180C5940,äganderätt,Antal,2024,238
0180C5940,uppgift saknas,Antal,2024,0
0180C5950,hyresrätt,Antal,2024,1
0180C5950,bostadsrätt,Antal,2024,34
0180C5950,äganderätt,Antal,2024,391
0180C5950,uppgift saknas,Antal,2024,0
0180C5960,hyresrätt,Antal,2024,42
0180C5960,bostadsrätt,Antal,2024,247
0180C5960,äganderätt,Antal,2024,376
0180C5960,uppgift saknas,Antal,2024,0
0180C5970,hyresrätt,Antal,2024,9
0180C5970,bostadsrätt,Antal,2024,69
0180C5970,äganderätt,Antal,2024,606
0180C5970,uppgift saknas,Antal,2024,0
0180C5980,hyresrätt,Antal,2024,692
0180C5980,bostadsrätt,Antal,2024,0
0180C5980,äganderätt,Antal,2024,0
0180C5980,uppgift saknas,Antal,2024,0
0180C5990,hyresrätt,Antal,2024,0
0180C5990,bostadsrätt,Antal,2024,5
0180C5990,äganderätt,Antal,2024,702
0180C5990,uppgift saknas,Antal,2024,0
0180C6000,hyresrätt,Antal,2024,989
0180C6000,bostadsrätt,Antal,2024,206
0180C6000,äganderätt,Antal,2024,223
0180C6000,uppgift saknas,Antal,2024,0
0180C6010,hyresrätt,Antal,2024,342
0180C6010,bostadsrätt,Antal,2024,228
0180C6010,äganderätt,Antal,2024,231
0180C6010,uppgift saknas,Antal,2024,0
0180C6020,hyresrätt,Antal,2024,3
0180C6020,bostadsrätt,Antal,2024,0
0180C6020,äganderätt,Antal,2024,749
0180C6020,uppgift saknas,Antal,2024,0
0180C6030,hyresrätt,Antal,2024,2
0180C6030,bostadsrätt,Antal,2024,103
0180C6030,äganderätt,Antal,2024,549
0180C6030,uppgift saknas,Antal,2024,0
0180C6040,hyresrätt,Antal,2024,350
0180C6040,bostadsrätt,Antal,2024,468
0180C6040,äganderätt,Antal,2024,468
0180C6040,uppgift saknas,Antal,2024,0
0180C6050,hyresrätt,Antal,2024,16
0180C6050,bostadsrätt,Antal,2024,32
0180C6050,äganderätt,Antal,2024,656
0180C6050,uppgift saknas,Antal,2024,0
0180C6060,hyresrätt,Antal,2024,65
0180C6060,bostadsrätt,Antal,2024,280
0180C6060,äganderätt,Antal,2024,664
0180C6060,uppgift saknas,Antal,2024,0
0180C6070,hyresrätt,Antal,2024,699
0180C6070,bostadsrätt,Antal,2024,0
0180C6070,äganderätt,Antal,2024,0
0180C6070,uppgift saknas,Antal,2024,0
0180C6080,hyresrätt,Antal,2024,111
0180C6080,bostadsrätt,Antal,2024,26
0180C6080,äganderätt,Antal,2024,411
0180C6080,uppgift saknas,Antal,2024,0
0180C6090,hyresrätt,Antal,2024,658
0180C6090,bostadsrätt,Antal,2024,43
0180C6090,äganderätt,Antal,2024,9
0180C6090,uppgift saknas,Antal,2024,0
0180C6100,hyresrätt,Antal,2024,530
0180C6100,bostadsrätt,Antal,2024,0
0180C6100,äganderätt,Antal,2024,0
0180C6100,uppgift saknas,Antal,2024,0
0180C6110,hyresrätt,Antal,2024,631
0180C6110,bostadsrätt,Antal,2024,0
0180C6110,äganderätt,Antal,2024,0
0180C6110,uppgift saknas,Antal,2024,0
0180C6120,hyresrätt,Antal,2024,726
0180C6120,bostadsrätt,Antal,2024,0
0180C6120,äganderätt,Antal,2024,0
0180C6120,uppgift saknas,Antal,2024,0
0180C6130,hyresrätt,Antal,2024,340
0180C6130,bostadsrätt,Antal,2024,575
0180C6130,äganderätt,Antal,2024,34
0180C6130,uppgift saknas,Antal,2024,0
0180C6140,hyresrätt,Antal,2024,181
0180C6140,bostadsrätt,Antal,2024,434
0180C6140,äganderätt,Antal,2024,0
0180C6140,uppgift saknas,Antal,2024,0
0180C6151,hyresrätt,Antal,2024,454
0180C6151,bostadsrätt,Antal,2024,227
0180C6151,äganderätt,Antal,2024,130
0180C6151,uppgift saknas,Antal,2024,0
0180C6152,hyresrätt,Antal,2024,483
0180C6152,bostadsrätt,Antal,2024,0
0180C6152,äganderätt,Antal,2024,0
0180C6152,uppgift saknas,Antal,2024,0
0180C6160,hyresrätt,Antal,2024,580
0180C6160,bostadsrätt,Antal,2024,0
0180C6160,äganderätt,Antal,2024,0
0180C6160,uppgift saknas,Antal,2024,0
0180C6170,hyresrätt,Antal,2024,560
0180C6170,bostadsrätt,Antal,2024,119
0180C6170,äganderätt,Antal,2024,0
0180C6170,uppgift saknas,Antal,2024,0
0180C6180,hyresrätt,Antal,2024,713
0180C6180,bostadsrätt,Antal,2024,0
0180C6180,äganderätt,Antal,2024,0
0180C6180,uppgift saknas,Antal,2024,0
0180C6190,hyresrätt,Antal,2024,17
0180C6190,bostadsrätt,Antal,2024,66
0180C6190,äganderätt,Antal,2024,681
0180C6190,uppgift saknas,Antal,2024,0
0180C6200,hyresrätt,Antal,2024,449
0180C6200,bostadsrätt,Antal,2024,220
0180C6200,äganderätt,Antal,2024,0
0180C6200,uppgift saknas,Antal,2024,0
0180C6210,hyresrätt,Antal,2024,699
0180C6210,bostadsrätt,Antal,2024,0
0180C6210,äganderätt,Antal,2024,73
0180C6210,uppgift saknas,Antal,2024,0
0180C6220,hyresrätt,Antal,2024,578
0180C6220,bostadsrätt,Antal,2024,113
0180C6220,äganderätt,Antal,2024,35
0180C6220,uppgift saknas,Antal,2024,0
0180C6230,hyresrätt,Antal,2024,924
0180C6230,bostadsrätt,Antal,2024,0
0180C6230,äganderätt,Antal,2024,0
0180C6230,uppgift saknas,Antal,2024,0
0180C6240,hyresrätt,Antal,2024,849
0180C6240,bostadsrätt,Antal,2024,0
0180C6240,äganderätt,Antal,2024,12
0180C6240,uppgift saknas,Antal,2024,0
0180C6250,hyresrätt,Antal,2024,541
0180C6250,bostadsrätt,Antal,2024,235
0180C6250,äganderätt,Antal,2024,0
0180C6250,uppgift saknas,Antal,2024,0
0180C6260,hyresrätt,Antal,2024,666
0180C6260,bostadsrätt,Antal,2024,0
0180C6260,äganderätt,Antal,2024,0
0180C6260,uppgift saknas,Antal,2024,0
0180C6270,hyresrätt,Antal,2024,231
0180C6270,bostadsrätt,Antal,2024,441
0180C6270,äganderätt,Antal,2024,0
0180C6270,uppgift saknas,Antal,2024,0
0180C6280,hyresrätt,Antal,2024,199
0180C6280,bostadsrätt,Antal,2024,619
0180C6280,äganderätt,Antal,2024,0
0180C6280,uppgift saknas,Antal,2024,0
0180C6290,hyresrätt,Antal,2024,221
0180C6290,bostadsrätt,Antal,2024,247
0180C6290,äganderätt,Antal,2024,457
0180C6290,uppgift saknas,Antal,2024,0
0180C6300,hyresrätt,Antal,2024,357
0180C6300,bostadsrätt,Antal,2024,818
0180C6300,äganderätt,Antal,2024,0
0180C6300,uppgift saknas,Antal,2024,0
0180C6310,hyresrätt,Antal,2024,817
0180C6310,bostadsrätt,Antal,2024,0
0180C6310,äganderätt,Antal,2024,0
0180C6310,uppgift saknas,Antal,2024,0
0180C6320,hyresrätt,Antal,2024,0
0180C6320,bostadsrätt,Antal,2024,942
0180C6320,äganderätt,Antal,2024,0
0180C6320,uppgift saknas,Antal,2024,0
0180C6330,hyresrätt,Antal,2024,870
0180C6330,bostadsrätt,Antal,2024,442
0180C6330,äganderätt,Antal,2024,0
0180C6330,uppgift saknas,Antal,2024,0
0180C6340,hyresrätt,Antal,2024,3
0180C6340,bostadsrätt,Antal,2024,675
0180C6340,äganderätt,Antal,2024,0
0180C6340,uppgift saknas,Antal,2024,0
0180C6350,hyresrätt,Antal,2024,975
0180C6350,bostadsrätt,Antal,2024,0
0180C6350,äganderätt,Antal,2024,0
0180C6350,uppgift saknas,Antal,2024,0
0180C6360,hyresrätt,Antal,2024,755
0180C6360,bostadsrätt,Antal,2024,0
0180C6360,äganderätt,Antal,2024,0
0180C6360,uppgift saknas,Antal,2024,0
0180C6370,hyresrätt,Antal,2024,603
0180C6370,bostadsrätt,Antal,2024,0
0180C6370,äganderätt,Antal,2024,0
0180C6370,uppgift saknas,Antal,2024,0
0180C6380,hyresrätt,Antal,2024,936
0180C6380,bostadsrätt,Antal,2024,0
0180C6380,äganderätt,Antal,2024,0
0180C6380,uppgift saknas,Antal,2024,0
0180C6390,hyresrätt,Antal,2024,898
0180C6390,bostadsrätt,Antal,2024,691
0180C6390,äganderätt,Antal,2024,25
0180C6390,uppgift saknas,Antal,2024,0
0180C6400,hyresrätt,Antal,2024,0
0180C6400,bostadsrätt,Antal,2024,909
0180C6400,äganderätt,Antal,2024,0
0180C6400,uppgift saknas,Antal,2024,0
0180C6410,hyresrätt,Antal,2024,0
0180C6410,bostadsrätt,Antal,2024,505
0180C6410,äganderätt,Antal,2024,169
0180C6410,uppgift saknas,Antal,2024,0
0180C6420,hyresrätt,Antal,2024,594
0180C6420,bostadsrätt,Antal,2024,359
0180C6420,äganderätt,Antal,2024,0
0180C6420,uppgift saknas,Antal,2024,0
0180C6430,hyresrätt,Antal,2024,464
0180C6430,bostadsrätt,Antal,2024,520
0180C6430,äganderätt,Antal,2024,0
0180C6430,uppgift saknas,Antal,2024,0
0180C6440,hyresrätt,Antal,2024,5
0180C6440,bostadsrätt,Antal,2024,823
0180C6440,äganderätt,Antal,2024,0
0180C6440,uppgift saknas,Antal,2024,0
