Namn,Typ,Kategori,Gata,Nr,Lat,Lon,Stadsdel,stadsdelsomrade
"Preem - Stockholm,Islandstorget",fuel,Bensinmack,Bergslagsvägen,,59.3463943,17.8938708,Södra Ängby,Bromma
Nockeby Pizzeria,restaurant,Restaurang & Snabbmat,Skaldevägen,,59.3294442,17.928936,Nockeby,Bromma
al Caminetto,restaurant,Restaurang & Snabbmat,Gustavslundsvägen,,59.3328927,17.9774152,Alvik,Bromma
ICA Nära Abrahamsberg,supermarket,Matbutik,Abrahamsbergsvägen,8,59.3361456,17.9518695,Bromma,Bromma
Sorbon,restaurant,Restaurang & Snabbmat,Drottningholmsvägen,,59.3399236,17.9405182,Bromma,Bromma
ICA Supermarket Alviks Torg,supermarket,Matbutik,Drottningholmsvägen,,59.3327076,17.9829618,Traneberg,Bromma
ICA Supermarket,supermarket,Matbutik,Tunnlandet,,59.3380314,17.9383011,Åkeslund,Bromma
ICA HM:s Livs,supermarket,Matbutik,Bergviksvägen,,59.3232066,17.9567889,Ålsten,Bromma
Coop Engströms Livs,supermarket,Matbutik,Nockeby Torg,,59.3288554,17.9286351,Bromma,Bromma
Apotek Hjärtat,pharmacy,Apotek,Nockeby Torg,2-4,59.3290947,17.9287271,Bromma,Bromma
Nockeby bageri,cafe,Kafé,Nockeby Torg,,59.3289102,17.9279354,Nockeby,Bromma
ICA Nära Smelivs,supermarket,Matbutik,Sunnerdahlsplan,,59.3209746,17.9724739,Smedslätten,Bromma
Park Konditori,cafe,Kafé,Västerled,4,59.3290661,17.9733633,Äppelviken,Bromma
McDonald's,fast_food,Restaurang & Snabbmat,Tunnlandet,,59.3386853,17.938783,Bromma,Bromma
Caffè Nero,cafe,Kafé,Gustavslundsvägen,,59.332752,17.9816507,Alvik,Bromma
Vedugnen i Alvik,restaurant,Restaurang & Snabbmat,Ryggåsgatan,,59.3321012,17.9744164,Alvik,Bromma
Ålstens Pizzeria,fast_food,Restaurang & Snabbmat,Ålstensgatan,,59.3226193,17.9564095,Ålsten,Bromma
Gateau,cafe,Kafé,Ålstensgatan,26,59.3223291,17.9556424,Ålsten,Bromma
Apoteket,pharmacy,Apotek,Vidängsvägen,,59.3350061,17.9780238,Alvik,Bromma
Kullens,restaurant,Restaurang & Snabbmat,Vidängsvägen,,59.335329,17.9795122,Traneberg,Bromma
Stammisstället,restaurant,Restaurang & Snabbmat,Ängby torg,4,59.3473014,17.9079113,Norra Ängby,Bromma
Björklunds hage,playground,Lekplats,Runforskarvägen,,59.3484479,17.9014054,Norra Ängby,Bromma
East Ocean,restaurant,Restaurang & Snabbmat,Tunnlandet,,59.3391073,17.9388025,Bromma,Bromma
Resturang Bryggan,restaurant,Restaurang & Snabbmat,Lusthusbacken,,59.317994,17.9447759,Ålsten,Bromma
La Rustica,cafe,Kafé,Långskeppsgatan,3,59.3513794,17.9000021,Beckomberga,Bromma
Torghörnan,cafe,Kafé,Ängby torg,3,59.3468849,17.9085116,Norra Ängby,Bromma
Kronans Apotek,pharmacy,Apotek,Ulvsundavägen,185-187,59.3565847,17.9519799,Mariehäll,Bromma
Shiva,restaurant,Restaurang & Snabbmat,Dalgången,13,59.3311297,17.9112186,Nockebyhov,Bromma
Brommaplans Bibliotek,library,Bibliotek,Klädesvägen,,59.3387884,17.9401533,Bromma,Bromma
Sushi Bar Kirin,restaurant,Restaurang & Snabbmat,Knypplerskevägen,,59.3392166,17.9378171,Bromma,Bromma
Bromma Thai,restaurant,Restaurang & Snabbmat,Rånövägen,5,59.3333107,17.9244454,Nockeby,Bromma
Sofie's,fast_food,Restaurang & Snabbmat,Hemslöjdsvägen,,59.3379176,17.953079,Ulvsunda,Bromma
Brommaplans Grillen,fast_food,Restaurang & Snabbmat,Kvarnbacksvägen,,59.3423027,17.9501741,Bromma,Bromma
Gateau,cafe,Kafé,Färjestadsvägen,6,59.3418988,17.905965,Norra Ängby,Bromma
Ängby Sushi & Thai,restaurant,Restaurang & Snabbmat,Färjestadsvägen,,59.341486,17.9055784,Norra Ängby,Bromma
Oh! Delhi,restaurant,Restaurang & Snabbmat,Kvarnbacksvägen,133,59.3401238,17.9409471,Bromma,Bromma
Bromma Pizzeria,restaurant,Restaurang & Snabbmat,Klädesvägen,,59.3387354,17.9407566,Bromma,Bromma
Appetito,restaurant,Restaurang & Snabbmat,Västerled,183,59.3288385,17.938666,Olovslund,Bromma
Brasserie Maison,restaurant,Restaurang & Snabbmat,Rörläggarvägen,,59.3308229,17.9466098,Abrahamsberg,Bromma
Coop Brommaplan,supermarket,Matbutik,Klädesvägen,12,59.3385721,17.9394968,Bromma,Bromma
Apoteket,pharmacy,Apotek,Klädesvägen,,59.3388684,17.9396897,Bromma,Bromma
Pizzeria La Bella,restaurant,Restaurang & Snabbmat,Gustav III:s Väg,,59.3339835,17.9477962,Abrahamsberg,Bromma
Tropical Wok & Sushi,restaurant,Restaurang & Snabbmat,Gustav III:s Väg,,59.3340656,17.9480429,Abrahamsberg,Bromma
Kanazawa Sushi Bar,restaurant,Restaurang & Snabbmat,Ulvsundavägen,,59.3350797,17.9690771,Ulvsunda,Bromma
Drottningholms Pizzeria,restaurant,Restaurang & Snabbmat,Rånövägen,,59.3333467,17.924382,Nockeby,Bromma
Pizzeria Tranan,restaurant,Restaurang & Snabbmat,Tranebergsvägen,,59.3355624,17.978447,Traneberg,Bromma
Dignity,restaurant,Restaurang & Snabbmat,Ulvsundavägen,10,59.3351501,17.9687169,Ulvsunda,Bromma
Restaurang Figaro,restaurant,Restaurang & Snabbmat,Per Ekströms Väg,,59.3455873,17.8938441,Södra Ängby,Bromma
Restaurang China House,restaurant,Restaurang & Snabbmat,Bergslagsvägen,264,59.3472311,17.8945147,Södra Ängby,Bromma
Pizzeria Islandstorget,restaurant,Restaurang & Snabbmat,Cederströmsvägen,,59.3466991,17.892908,Södra Ängby,Bromma
Zorba Pizzeria,fast_food,Restaurang & Snabbmat,Bällstavägen,,59.3563838,17.9106348,Bromma kyrka,Bromma
Lomsak thaiwok,fast_food,Restaurang & Snabbmat,Spångavägen,,59.3569646,17.9099118,Eneby,Bromma
Café Blomma,cafe,Kafé,Åkeshovs Gårdsväg,,59.3415549,17.9269697,Åkeshov,Bromma
Waynes coffee,cafe,Kafé,Gårdsfogdevägen,,59.356948,17.956732,Mariehäll,Bromma
Coop Nära Minneberg,supermarket,Matbutik,Svartviks Torg,,59.3393269,17.9894805,Traneberg,Bromma
Abrahamsbergs Sushi,restaurant,Restaurang & Snabbmat,Bävervägen,,59.3361288,17.952701,Abrahamsberg,Bromma
Trafikskola,driving_school,Trafikskola,Linta gårdsväg,,59.3486749,17.9406777,Riksby,Bromma
Thai isaan restaurang,restaurant,Restaurang & Snabbmat,Voltavägen,,59.345016,17.969834,Ulvsunda industriområde,Bromma
Lekplats,playground,Lekplats,Köpsvängen,,59.3549796,17.9563841,Mariehäll,Bromma
Lekplats,playground,Lekplats,Emils Gata,,59.3633596,17.9484247,Mariehäll,Bromma
Gäddan,playground,Lekplats,Ronja Rövardotters Stig,,59.3635019,17.9474061,Mariehäll,Bromma
STC,fitness_centre,Gym/Utomhusgym,Annedalsvägen,,59.3651762,17.9496682,Mariehäll,Bromma
MLG Sushi,restaurant,Restaurang & Snabbmat,Pippi Långstrumps Gata,21,59.3640664,17.9465871,Mariehäll,Bromma
Kronans Apotek,pharmacy,Apotek,Vidängsplan,,59.3330529,17.9805444,Alvik,Bromma
Alviks Bibliotek,library,Bibliotek,Gustavslundsvägen,,59.3327618,17.9823693,Alvik,Bromma
Daiichi,fast_food,Restaurang & Snabbmat,Tunnlandet,,59.3390231,17.939339,Bromma,Bromma
Joe & The Juice,cafe,Kafé,Gustavslundsvägen,18,59.3325288,17.9830495,Alvik,Bromma
Rasmus grill,fast_food,Restaurang & Snabbmat,Tunnlandet,,59.3387764,17.9388636,Bromma,Bromma
Systembolaget,alcohol,Systembolag,Klädesvägen,,59.3388216,17.9399936,Bromma,Bromma
Circle K,fuel,Bensinmack,Alviksskälet,,59.3329833,17.9755326,Alvik,Bromma
Annedals Thai takeaway,restaurant,Restaurang & Snabbmat,Bällstaågatan,12,59.3639396,17.9539292,Mariehäll,Bromma
Max,fast_food,Restaurang & Snabbmat,Ulvsundavägen,,59.3505928,17.95733,Ulvsunda industriområde,Bromma
Melanders Alvik,restaurant,Restaurang & Snabbmat,Gustavslundsvägen,14,59.332443,17.9837094,Alvik,Bromma
Restaurang Tryffel,restaurant,Restaurang & Snabbmat,Porfyrvägen,25,59.3364592,17.9879367,Traneberg,Bromma
Ålstensgatan 15,cafe,Kafé,Ålstensgatan,,59.3236708,17.9569248,Ålsten,Bromma
ICA Nära Annedal,supermarket,Matbutik,Bällstavägen,,59.3610384,17.9490899,Mariehäll,Bromma
SATS Alvik,fitness_centre,Gym/Utomhusgym,Gustavslundsvägen,159,59.3322677,17.9821,Alvik,Bromma
Matleverantören,restaurant,Restaurang & Snabbmat,Ranhammarsvägen,18C,59.3494616,17.9620882,Bromma,Bromma
Hammargrillen,fast_food,Restaurang & Snabbmat,Ranhammarsvägen,16,59.3490816,17.9607815,Bromma,Bromma
Lekplats,playground,Lekplats,Sigrid Undsets gata,,59.3471861,17.8871147,Blackeberg,Bromma
Astrids skafferi,restaurant,Restaurang & Snabbmat,Färjestadsvägen,,59.341696,17.905837,Norra Ängby,Bromma
Texas Longhorn,restaurant,Restaurang & Snabbmat,Drottningholmsvägen,,59.3367003,17.9569973,Ulvsunda,Bromma
Robert E:S Choklad,cafe,Kafé,Grundtvigsgatan,26,59.3467144,17.8845991,Blackeberg,Bromma
Lekplats,playground,Lekplats,Grundtvigsgatan,,59.3450877,17.8874242,Blackeberg,Bromma
Lekplats,playground,Lekplats,Thespisvägen,,59.3267362,17.9339432,Höglandet,Bromma
Ålstensgatan 18 Sushi,restaurant,Restaurang & Snabbmat,Ålstensgatan,18,59.3232346,17.9561914,Ålsten,Bromma
Dr. Fagerberg,doctor,Vårdcentral,Cronströmsvägen,9b,59.3586181,17.9544319,Mariehäll,Bromma
Brödernas,fast_food,Restaurang & Snabbmat,Bergslagsvägen,268,59.347413,17.8939697,Södra Ängby,Bromma
Hemköp Bromma Blackeberg C,supermarket,Matbutik,Wergelandsgatan,3,59.3474912,17.8843764,Blackeberg,Bromma
Blackebergs bibliotek,library,Bibliotek,Wergelandsgatan,,59.3477669,17.8843846,Blackeberg,Bromma
Apotek Hjärtat,pharmacy,Apotek,Vinjegatan,,59.3481204,17.8840425,Blackeberg,Bromma
Inari Sushi,restaurant,Restaurang & Snabbmat,Vinjegatan,,59.3478551,17.883272,Blackeberg,Bromma
Johannesfredsgrillen,fast_food,Restaurang & Snabbmat,Johannesfredsvägen,,59.3437928,17.9700701,Ulvsunda industriområde,Bromma
itrim,fitness_centre,Gym/Utomhusgym,Drottningholmsvägen,,59.3392618,17.9402272,Bromma,Bromma
Brommarondellens Trafikskola,driving_school,Trafikskola,Brommaplan,407,59.3389785,17.9394763,Bromma,Bromma
Garros Bistro,restaurant,Restaurang & Snabbmat,Gustavslundsvägen,159,59.3322143,17.9816828,Alvik,Bromma
Pokeburger,restaurant,Restaurang & Snabbmat,Gustavslundsvägen,149E,59.3317992,17.9849072,Alvik,Bromma
Gustafs Matsal & Bar,restaurant,Restaurang & Snabbmat,Gustavslundsvägen,149A,59.331474,17.9846622,Alvik,Bromma
Fitness24Seven,fitness_centre,Gym/Utomhusgym,Bällstavägen,28,59.3607139,17.9557816,Mariehäll,Bromma
Bun Meat Bun,restaurant,Restaurang & Snabbmat,Bällstavägen,36,59.3607344,17.9549192,Mariehäll,Bromma
Lekplats,playground,Lekplats,Beckomberga Ängsväg,,59.3557406,17.8991898,Beckomberga,Bromma
Lekplats,playground,Lekplats,Torgnyvägen,,59.3545067,17.8968533,Beckomberga,Bromma
Takumi Sushi & Ramen,restaurant,Restaurang & Snabbmat,Bällstavägen,,59.3606282,17.9497799,Mariehäll,Bromma
Mariehälls Pizzeria,restaurant,Restaurang & Snabbmat,Bällstavägen,53,59.3606924,17.9494125,Mariehäll,Bromma
Miss Goa,restaurant,Restaurang & Snabbmat,Bällstavägen,61,59.3607868,17.9475027,Mariehäll,Bromma
Neko Wok,restaurant,Restaurang & Snabbmat,Köpsvängen,,59.3559663,17.9547679,Mariehäll,Bromma
Wienerkonditoriet,cafe,Kafé,Köpsvängen,,59.3553007,17.9565688,Mariehäll,Bromma
shish lebanse street food,restaurant,Restaurang & Snabbmat,Köpsvängen,,59.3560211,17.9549757,Mariehäll,Bromma
Spisa Husmanskost,restaurant,Restaurang & Snabbmat,Köpsvängen,,59.355981,17.9550336,Mariehäll,Bromma
Joe & The Juice,cafe,Kafé,Köpsvängen,,59.3549986,17.9567167,Mariehäll,Bromma
Nockeby trafikskola,driving_school,Trafikskola,Arkitektvägen,4,59.3342969,17.9512407,Abrahamsberg,Bromma
Blackebergsgrillen,fast_food,Restaurang & Snabbmat,Blackebergsplan,9,59.3477646,17.8837209,Blackeberg,Bromma
Jhonny's,restaurant,Restaurang & Snabbmat,Blackebergsplan,1,59.3473406,17.8833606,Blackeberg,Bromma
Lekplats,playground,Lekplats,Poppelvägen,,59.325213,17.9752862,Äppelviken,Bromma
Lekplats,playground,Lekplats,Blackebergsvägen,,59.3372928,17.9008154,Södra Ängby,Bromma
Bastard Burgers,restaurant,Restaurang & Snabbmat,Gustavslundsvägen,26,59.3328103,17.9821701,Alvik,Bromma
Abrahamsbergs Café,cafe,Kafé,Bävervägen,,59.3354159,17.9520473,Stora mossen,Bromma
Tandläkare Frida Sadeghi,dentist,Tandläkare,Gustav III:s Väg,,59.334076,17.9492416,Abrahamsberg,Bromma
art sushi | sashimi,restaurant,Restaurang & Snabbmat,Gustavslundsvägen,,59.3329284,17.9772143,Alvik,Bromma
Georgian House,restaurant,Restaurang & Snabbmat,Drottningholmsvägen,,59.33733,17.9541981,Ulvsunda,Bromma
Friskis & Svettis,fitness_centre,Gym/Utomhusgym,Drottningholmsvägen,,59.3377042,17.9488966,Bromma,Bromma
Mack Ohlson,fuel,Bensinmack,Lusthusbacken,,59.317936,17.9447798,Ålsten,Bromma
Il Bicchiere,restaurant,Restaurang & Snabbmat,Bågvägen,,59.3221809,17.9555082,Ålsten,Bromma
Ålstenstandläkarna,dentist,Tandläkare,Ålstensgatan,,59.3239447,17.9564772,Ålsten,Bromma
Effekt,fitness_centre,Gym/Utomhusgym,Rörläggarvägen,,59.3307953,17.9473003,Abrahamsberg,Bromma
Maxi ICA Stormarknad Bromma,supermarket,Matbutik,Köpsvängen,4,59.3537504,17.9562145,Mariehäll,Bromma
Jarla Trafikskola,driving_school,Trafikskola,Travbanevägen,1,59.3626452,17.9404182,Mariehäll,Bromma
Dizin,restaurant,Restaurang & Snabbmat,Arvid Mörnes väg,4,59.3479568,17.8771682,Blackeberg,Bromma
Olivias krog,restaurant,Restaurang & Snabbmat,Holbergsgatan,,59.346484,17.8818327,Blackeberg,Bromma
Kaskad,cinema,Biograf,Blackebergsplan,3,59.3475522,17.8829427,Blackeberg,Bromma
Sushi Yama,restaurant,Restaurang & Snabbmat,Köpsvängen,34b,59.3536028,17.9570771,Ulvsunda industriområde,Bromma
Espresso House,cafe,Kafé,Köpsvängen,,59.355743,17.9555179,Mariehäll,Bromma
Tasty Sushi,restaurant,Restaurang & Snabbmat,Mariehällsvägen,31,59.3626003,17.9552586,Mariehäll,Bromma
SATS Bromma Blocks,fitness_centre,Gym/Utomhusgym,Köpsvängen,,59.3533955,17.9566347,Mariehäll,Bromma
Bistro Bromma,restaurant,Restaurang & Snabbmat,Spångavägen,138,59.3541217,17.91538,Bromma kyrka,Bromma
Kafé,cafe,Kafé,Ålstens Skogsväg,,59.3152289,17.9661388,Smedslätten,Bromma
Minnies Thai Kitchen (Fiskvagnen),fast_food,Restaurang & Snabbmat,Bryggerivägen,10,59.3492328,17.9662725,Ulvsunda industriområde,Bromma
Gym/Utomhusgym,fitness_station,Gym/Utomhusgym,Spångavägen,,59.3612682,17.9047892,Eneby,Bromma
Gym/Utomhusgym,fitness_station,Gym/Utomhusgym,Margretelundsvägen,,59.3350183,17.9875133,Traneberg,Bromma
Mille Gusti,restaurant,Restaurang & Snabbmat,Bergslagsvägen,260C,59.3469112,17.8950251,Södra Ängby,Bromma
Il Forno Italiano,fast_food,Restaurang & Snabbmat,Flygplatsinfarten,,59.3552831,17.945607,Mariehäll,Bromma
Restaurang & Snabbmat,fast_food,Restaurang & Snabbmat,Flygplatsinfarten,,59.355298,17.9458854,Mariehäll,Bromma
Restaurang & Snabbmat,fast_food,Restaurang & Snabbmat,Flygplatsinfarten,,59.3553061,17.9453096,Mariehäll,Bromma
Wok & Sushi,fast_food,Restaurang & Snabbmat,Flygplatsinfarten,,59.3553346,17.9450577,Mariehäll,Bromma
Brödernas,fast_food,Restaurang & Snabbmat,Kamomillagatan,,59.3615294,17.949113,Mariehäll,Bromma
STC,fitness_centre,Gym/Utomhusgym,Bällstavägen,,59.3610575,17.9481887,Mariehäll,Bromma
PWR studio,fitness_centre,Gym/Utomhusgym,Annedalsvägen,,59.3647168,17.9508775,Mariehäll,Bromma
Annedals Tandklinik,dentist,Tandläkare,Alfons Åbergs Gata,,59.3651243,17.9467368,Mariehäll,Bromma
Bromma fysioterapi,physiotherapist,Fysioterapeut,Holbergsgatan,,59.3470447,17.883942,Blackeberg,Bromma
Stc,fitness_centre,Gym/Utomhusgym,Grundtvigsgatan,,59.3470485,17.8848402,Blackeberg,Bromma
Salladsmagasinet Bromma,restaurant,Restaurang & Snabbmat,Follingbogatan,64,59.3582783,17.8994003,Beckomberga,Bromma
Lekplats,playground,Lekplats,Grönviksvägen,,59.3227145,17.9284398,Nockeby,Bromma
Lekplats,playground,Lekplats,Grönviksvägen,,59.3201184,17.9432023,Ålsten,Bromma
PanPan Sushi,restaurant,Restaurang & Snabbmat,Nockeby Torg,,59.3295844,17.9290369,Nockeby,Bromma
Pissamai Thai Food,restaurant,Restaurang & Snabbmat,Björnsonsgatan,,59.3492013,17.8802891,Blackeberg,Bromma
Nano Café,cafe,Kafé,Vinjegatan,,59.3479723,17.8832788,Blackeberg,Bromma
Raanthai Blackeberg,supermarket,Matbutik,Vinjegatan,,59.3480353,17.8841495,Blackeberg,Bromma
Bistro Tarboush,fast_food,Restaurang & Snabbmat,Blackebergsvägen,,59.3459118,17.8929701,Södra Ängby,Bromma
Ängby Tandläkarna,dentist,Tandläkare,Bergslagsvägen,,59.3471271,17.8947734,Södra Ängby,Bromma
Kompir,restaurant,Restaurang & Snabbmat,Långskeppsgatan,5,59.3514662,17.8998872,Beckomberga,Bromma
Maji,restaurant,Restaurang & Snabbmat,Långskeppsgatan,1,59.3512818,17.9002803,Norra Ängby,Bromma
Fotvårds Kliniken,doctor,Vårdcentral,Långskeppsgatan,7,59.3515469,17.8997241,Beckomberga,Bromma
Brommagymnasterna,physiotherapist,Fysioterapeut,Abrahamsbergsvägen,,59.3347889,17.9514352,Abrahamsberg,Bromma
Pizzeria Kaktusen,restaurant,Restaurang & Snabbmat,Drottningholmsvägen,,59.3376357,17.9522899,Riksby,Bromma
Medstore,pharmacy,Apotek,Riksbyvägen,,59.3411605,17.9443373,Riksby,Bromma
Polonez Cafe & Deli,cafe,Kafé,Bergslagsvägen,,59.3397115,17.9381491,Bromma,Bromma
Tandläkare,dentist,Tandläkare,Ulvsundavägen,,59.3351158,17.9688271,Ulvsunda,Bromma
PWR GYM,fitness_centre,Gym/Utomhusgym,Tappvägen,,59.3639406,17.9501675,Mariehäll,Bromma
Ruccola,restaurant,Restaurang & Snabbmat,Bällstavägen,,59.3605064,17.9547529,Mariehäll,Bromma
Sushi Dumplings,restaurant,Restaurang & Snabbmat,Emils Gata,,59.3627067,17.9501658,Mariehäll,Bromma
Italgotti,restaurant,Restaurang & Snabbmat,Annedalsvägen,,59.364388,17.9510147,Mariehäll,Bromma
Di Manzo,restaurant,Restaurang & Snabbmat,Alpvägen,,59.3626378,17.9507768,Mariehäll,Bromma
Café Lilla Hörnan,cafe,Kafé,Gårdsfogdevägen,,59.3565575,17.9594494,Mariehäll,Bromma
Damas,restaurant,Restaurang & Snabbmat,Tackjärnsvägen,,59.345331,17.9718496,Ulvsunda industriområde,Bromma
Sweet Chili,restaurant,Restaurang & Snabbmat,Ulvsundavägen,,59.3531098,17.9587026,Ulvsunda industriområde,Bromma
Fotia Kliniken,doctor,Vårdcentral,Gustavslundsvägen,,59.3318908,17.9834316,Alvik,Bromma
Banthai Fastfood,fast_food,Restaurang & Snabbmat,Vidängsvägen,,59.3361589,17.9792137,Traneberg,Bromma
Tandläkare,dentist,Tandläkare,Drottningholmsvägen,,59.3333043,17.9785204,Alvik,Bromma
Deli Molinari,restaurant,Restaurang & Snabbmat,Tranebergsvägen,,59.3350001,17.9795483,Traneberg,Bromma
Munlyckan,dentist,Tandläkare,Gustavslundsvägen,,59.3327994,17.9783979,Alvik,Bromma
You Train,fitness_centre,Gym/Utomhusgym,Storsylsvägen,,59.338091,17.9804192,Traneberg,Bromma
Alviks Grillen,restaurant,Restaurang & Snabbmat,Gustavslundsvägen,166,59.3329242,17.9794225,Alvik,Bromma
Hemma Hos Annika,restaurant,Restaurang & Snabbmat,Dybecksvägen,,59.3474854,17.9004738,Norra Ängby,Bromma
Lekplats,playground,Lekplats,Tapetserarvägen,,59.3302896,17.9454151,Olovslund,Bromma
Lekplats,playground,Lekplats,Johan Tillanders väg,,59.3437051,17.8741436,Blackeberg,Bromma
OKQ8 Bromma Flygplats/Solvalla,fuel,Bensinmack,Cumulusvägen,3,59.3610885,17.9408544,Mariehäll,Bromma
Distriktstandvården Ålsten,dentist,Tandläkare,Ålstensgatan,14,59.3239757,17.9565442,Ålsten,Bromma
Brommatandläkarna,dentist,Tandläkare,Rånövägen,,59.3334499,17.9242,Nockeby,Bromma
Capresi,restaurant,Restaurang & Snabbmat,Ulvsundavägen,,59.3560405,17.9551351,Mariehäll,Bromma
Marolla,restaurant,Restaurang & Snabbmat,Västerledstorget,3,59.329357,17.9681518,Stora mossen,Bromma
Vietsmak,restaurant,Restaurang & Snabbmat,Bällstavägen,205,59.3562527,17.9103006,Bromma kyrka,Bromma
Shell,fuel,Bensinmack,Ulvsundavägen,71,59.340805,17.9611842,Ulvsunda,Bromma
Stora Coop Bromma,supermarket,Matbutik,Ulvsundavägen,189,59.3565785,17.9530154,Mariehäll,Bromma
Willys Stockholm Bromma,supermarket,Matbutik,Ulvsundavägen,189E,59.3570495,17.9505295,Mariehäll,Bromma
OKQ8 Bromma,fuel,Bensinmack,Brommaplan,408,59.3405266,17.940107,Bromma,Bromma
Hemköp Garpes,supermarket,Matbutik,Sobelgränd,4,59.3289709,17.9563616,Stora mossen,Bromma
Grill,restaurant,Restaurang & Snabbmat,Färjestadsvägen,,59.34216,17.9070437,Norra Ängby,Bromma
Sjöpaviljongen,restaurant,Restaurang & Snabbmat,Tranebergs Strand,4,59.3316151,17.9862842,Traneberg,Bromma
Alviksgrillen,fast_food,Restaurang & Snabbmat,Gustavslundsvägen,,59.332954,17.9793659,Alvik,Bromma
Kalaset Strand,restaurant,Restaurang & Snabbmat,Gustavslundsvägen,,59.3281349,17.9848095,Alvik,Bromma
Coop Tranebergsvägen,supermarket,Matbutik,Tranebergsvägen,126,59.3354191,17.9694879,Ulvsunda,Bromma
Lekplats,playground,Lekplats,Tunnlandsvägen,,59.3355526,17.94158,Åkeslund,Bromma
Hemköp Bromma Ängby Torg,supermarket,Matbutik,Ängby torg,1,59.3469686,17.9086154,Norra Ängby,Bromma
Rimiparken,playground,Lekplats,Rastvägen,,59.3290962,17.9120625,Nockebyhov,Bromma
Nockebygrillen,fast_food,Restaurang & Snabbmat,Nockeby Kyrkväg,,59.3291831,17.9277933,Nockeby,Bromma
Lekplatsen Skeden,playground,Lekplats,Åkeshovsvägen,,59.334029,17.9322402,Åkeslund,Bromma
Lekplats,playground,Lekplats,Brålunden,,59.3313191,17.9301361,Nockeby,Bromma
Lekplats,playground,Lekplats,Lillsjövägen,,59.3387368,17.9560295,Ulvsunda,Bromma
Krua Charoen,restaurant,Restaurang & Snabbmat,Drottningholmsvägen,,59.3346632,17.9665761,Ulvsunda,Bromma
Kaffekannan,playground,Lekplats,Grimstahamnsvägen,,59.3330794,17.9212214,Nockeby,Bromma
Bensinmack,fuel,Bensinmack,Bergslagsvägen,,59.3462433,17.8940767,Södra Ängby,Bromma
Systembolaget,alcohol,Systembolag,Ulvsundavägen,,59.3562551,17.9544105,Mariehäll,Bromma
Lekplats,playground,Lekplats,Båtparken stig,,59.3395349,17.8971977,Södra Ängby,Bromma
Blackebergs sjukhus,hospital,Sjukhus,Blackebergs Gårdsväg,41,59.3407915,17.880512,Bromma stadsdelsområde,Bromma
Lekplats,playground,Lekplats,Tranebergs Strand,,59.3320825,17.9861251,Traneberg,Bromma
Lekplats,playground,Lekplats,Penselgränd,,59.340241,17.8928267,Södra Ängby,Bromma
Lekplats,playground,Lekplats,Enhörningsgränd,,59.3298094,17.9575759,Stora mossen,Bromma
ICA Supermarket Bromma,supermarket,Matbutik,Spångavägen,172,59.3566441,17.9114325,Bromma kyrka,Bromma
Skogsbo,cafe,Kafé,Ålstens Skogsväg,14,59.3141158,17.9621571,Smedslätten,Bromma
Lekplats,playground,Lekplats,Alviksvägen,,59.3168096,17.9614102,Smedslätten,Bromma
Lekplats,playground,Lekplats,Carl Larssons Väg,,59.3416716,17.8950606,Södra Ängby,Bromma
Bromma Kebab,fast_food,Restaurang & Snabbmat,Köpsvängen,,59.3569646,17.9479992,Mariehäll,Bromma
Lekplats,playground,Lekplats,Bällstavägen,,59.360565,17.948583,Mariehäll,Bromma
Lekplats,playground,Lekplats,Adolfsbergsvägen,,59.358611,17.954015,Mariehäll,Bromma
Blacken,playground,Lekplats,Grundtvigsgatan,,59.3443791,17.8868159,Blackeberg,Bromma
Lekplats,playground,Lekplats,"Åkeshovs eljusspår 1,5 km",,59.3439671,17.9261828,Åkeshov,Bromma
Lekplats,playground,Lekplats,Alpvägen,,59.3627427,17.9536003,Mariehäll,Bromma
Bubbelparken,playground,Lekplats,Linabergsstigen,,59.3620025,17.9535551,Mariehäll,Bromma
Kratsbodaparken,playground,Lekplats,Kratsbodavägen,,59.3593326,17.9551604,Mariehäll,Bromma
Lekplats,playground,Lekplats,Fältmarskalksvägen,,59.3385488,17.9623984,Ulvsunda,Bromma
Flintsågen,playground,Lekplats,Egilsvägen,,59.3453476,17.9154268,Norra Ängby,Bromma
Lekplats,playground,Lekplats,Plommonvägen,,59.3600995,17.917102,Eneby,Bromma
Halstret,playground,Lekplats,Anundsvägen,,59.3526779,17.8912414,Beckomberga,Bromma
Circle K Råcksta,fuel,Bensinmack,Råckstavägen,2,59.3517426,17.8866268,Råcksta,Bromma
CNG Bromma,fuel,Bensinmack,Drottningholmsvägen,490,59.3377949,17.9343005,Bromma,Bromma
Lekplats,playground,Lekplats,Kyrkoherdevägen,,59.3580854,17.9122928,Eneby,Bromma
Lekplats,playground,Lekplats,Västerledstorget,,59.3291833,17.9686729,Stora mossen,Bromma
Lekplats,playground,Lekplats,Norlindsvägen,,59.3550133,17.9148699,Bromma kyrka,Bromma
Lekplats,playground,Lekplats,Spångavägen,,59.3548906,17.9146004,Bromma kyrka,Bromma
Lekplats,playground,Lekplats,Terserusvägen,,59.3551456,17.9152635,Bromma kyrka,Bromma
Lekplats,playground,Lekplats,Plåtslagarvägen,,59.3361083,17.9512623,Abrahamsberg,Bromma
Lekplats,playground,Lekplats,Gamla Bromstensvägen,,59.3658062,17.9319645,Bällsta,Bromma
Lekplats,playground,Lekplats,Gamla Bromstensvägen,,59.3658947,17.9315475,Bällsta,Bromma
Lekplats,playground,Lekplats,Ulvsunda Slottsväg,,59.3359572,17.9698093,Ulvsunda,Bromma
Daisy's,fast_food,Restaurang & Snabbmat,Ulvsundavägen,69,59.3405556,17.9610049,Ulvsunda,Bromma
Lekplats,playground,Lekplats,Tranebergsvägen,,59.3350013,17.9892837,Traneberg,Bromma
Lekplats,playground,Lekplats,Porfyrvägen,,59.3351875,17.9885794,Traneberg,Bromma
Lekplats,playground,Lekplats,Olovslundsvägen,,59.3301379,17.9398654,Olovslund,Bromma
Lekplats,playground,Lekplats,Vidängsvägen,,59.3370409,17.9791944,Traneberg,Bromma
Lekplats,playground,Lekplats,Vidängsvägen,,59.336901,17.9796752,Traneberg,Bromma
Banthai Fastfood,restaurant,Restaurang & Snabbmat,Vidängsvägen,,59.3361837,17.9792432,Traneberg,Bromma
Lekplats,playground,Lekplats,Sigrid Undsets gata,,59.3479467,17.8865396,Blackeberg,Bromma
Lekplats,playground,Lekplats,Björnsonsgatan,,59.3480883,17.8790937,Blackeberg,Bromma
Lekplats,playground,Lekplats,Vidängsvägen,,59.3390112,17.9790893,Traneberg,Bromma
Lekplats,playground,Lekplats,Johannesfredsvägen,,59.3464,17.9718022,Ulvsunda industriområde,Bromma
Lekplats,playground,Lekplats,Strömkarlsvägen,,59.3204437,17.9736502,Smedslätten,Bromma
Pissamai Thai Food,fast_food,Restaurang & Snabbmat,Björnsonsgatan,,59.3492096,17.8802923,Blackeberg,Bromma
Lekplats,playground,Lekplats,Ibsengatan,,59.3498935,17.8791903,Blackeberg,Bromma
Bromma sjukhus,hospital,Sjukhus,Follingbogatan,32,59.3589933,17.9000524,Beckomberga,Bromma
Lekplats,playground,Lekplats,Basaltgränd,,59.3621232,17.9014376,Beckomberga,Bromma
Lekplats,playground,Lekplats,Agatvägen,,59.3627753,17.9007351,Eneby,Bromma
Lekplats,playground,Lekplats,Grundtvigsgatan,,59.3442181,17.8878757,Blackeberg,Bromma
Lekplats,playground,Lekplats,Björnsonsgatan,,59.3442311,17.8881535,Blackeberg,Bromma
Lekplats,playground,Lekplats,Grundtvigsgatan,,59.344457,17.8874622,Blackeberg,Bromma
Lekplats,playground,Lekplats,Arvid Mörnes väg,,59.3471618,17.8744826,Blackeberg,Bromma
Lekplats,playground,Lekplats,Liljegrensvägen,,59.3491927,17.9015864,Norra Ängby,Bromma
Lekplats,playground,Lekplats,Doktor Abrahams väg,,59.3555266,17.9232004,Bromma kyrka,Bromma
Lekplats,playground,Lekplats,Bällstavägen,,59.3604986,17.9596633,Mariehäll,Bromma
Klätterställningen,playground,Lekplats,Bällstavägen,,59.35625,17.9077124,Eneby,Bromma
Gungorna,playground,Lekplats,Bällstavägen,,59.3554141,17.9064061,Eneby,Bromma
Röda,playground,Lekplats,Limonitvägen,,59.3576513,17.9061278,Eneby,Bromma
Lekparken,playground,Lekplats,Alabastervägen,,59.357505,17.9076272,Eneby,Bromma
Runda,playground,Lekplats,Bällstavägen,,59.3569141,17.9081415,Eneby,Bromma
Klätterställningen,playground,Lekplats,Agatvägen,,59.3604482,17.900692,Eneby,Bromma
Lekplats,playground,Lekplats,Beckombergavägen,,59.3569531,17.9029208,Beckomberga,Bromma
Lekplats,playground,Lekplats,Ryggåsgatan,,59.3321385,17.9746753,Alvik,Bromma
Lillsjöns utegym,fitness_station,Gym/Utomhusgym,Kvarnbacksvägen,,59.341955,17.9533817,Ulvsunda industriområde,Bromma
Lekplats,playground,Lekplats,Bårdgränd,,59.3382888,17.9307205,Åkeshov,Bromma
Pilspetsen,playground,Lekplats,Stora Ängby Allé,,59.3463961,17.9072244,Norra Ängby,Bromma
Lekplats,playground,Lekplats,Lummelundagatan,,59.3565447,17.9025092,Beckomberga,Bromma
Lekplats,playground,Lekplats,Beckombergavägen,,59.3570767,17.9024506,Beckomberga,Bromma
Stenlabyrint,playground,Lekplats,Agatvägen,,59.3609893,17.900692,Eneby,Bromma
Lekparken Operetten,playground,Lekplats,Sigurdsvägen,,59.3287285,17.9348156,Höglandet,Bromma
ChopChop Asian Express,restaurant,Restaurang & Snabbmat,Ulvsundavägen,191B,59.3553016,17.9526324,Mariehäll,Bromma
KFC,fast_food,Restaurang & Snabbmat,Ulvsundavägen,191C,59.3554815,17.9520125,Mariehäll,Bromma
Pizza Hut,restaurant,Restaurang & Snabbmat,Ulvsundavägen,191 D,59.3556839,17.9514308,Mariehäll,Bromma
Lekplats,playground,Lekplats,Bergslagsvägen,,59.3428394,17.9215653,Åkeshov,Bromma
Lekplats,playground,Lekplats,Beckombergavägen,,59.3430163,17.9219531,Åkeshov,Bromma
Gym/Utomhusgym,fitness_station,Gym/Utomhusgym,"Åkeshovs eljusspår 1,5 km",,59.3427563,17.9305386,Åkeshov,Bromma
Lekplats,playground,Lekplats,Beckombergavägen,,59.3429567,17.9207375,Åkeshov,Bromma
Lekplats,playground,Lekplats,Vadmalsvägen,,59.3398847,17.9429916,Bromma,Bromma
Galonparken,playground,Lekplats,Galonvägen,,59.3402899,17.9469614,Riksby,Bromma
Lekplats,playground,Lekplats,Spångavägen,,59.3408045,17.9375364,Bromma,Bromma
Lekplats,playground,Lekplats,Elias Lönnrots väg,,59.3486093,17.8779232,Blackeberg,Bromma
Lekplats,playground,Lekplats,Klas Klättermus Gata,,59.3639759,17.9526942,Mariehäll,Bromma
Circle K,fuel,Bensinmack,Råckstavägen,,59.351782,17.886488,Blackeberg,Bromma
Lekplats,playground,Lekplats,Björnsonsgatan,,59.3441123,17.8865127,Blackeberg,Bromma
Gym/Utomhusgym,fitness_station,Gym/Utomhusgym,Västerled,,59.3288471,17.9640062,Stora mossen,Bromma
Ängbybadet lekplats,playground,Lekplats,Blackebergsvägen,,59.3366757,17.8987654,Södra Ängby,Bromma
Lekplats,playground,Lekplats,Åkeshovsvägen,,59.335594,17.9334947,Åkeslund,Bromma
Gym/Utomhusgym,fitness_station,Gym/Utomhusgym,Linabergsstigen,,59.3617969,17.9514533,Mariehäll,Bromma
Lekplats,playground,Lekplats,Björnsonsgatan,,59.3486069,17.8805094,Blackeberg,Bromma
Lekplats,playground,Lekplats,Ulvsunda Strand,,59.3484471,17.9737821,Ulvsunda industriområde,Bromma
Lekplats,playground,Lekplats,Johannesfredsvägen,,59.3475138,17.9717403,Ulvsunda industriområde,Bromma
Lekplats,playground,Lekplats,Granbacken,,59.343095,17.9611018,Ulvsunda industriområde,Bromma
Solviks utegym,fitness_station,Gym/Utomhusgym,Ålstens Skogsväg,,59.3155618,17.9663149,Smedslätten,Bromma
Gym/Utomhusgym,fitness_station,Gym/Utomhusgym,Alviks strand,,59.331536,17.9855691,Alvik,Bromma
Gym/Utomhusgym,fitness_station,Gym/Utomhusgym,Tyska Bottens Väg,,59.3295319,17.9136478,Nockebyhov,Bromma
Lekplats,playground,Lekplats,Masmästarvägen,,59.3456536,17.9750334,Ulvsunda industriområde,Bromma
Lekplats,playground,Lekplats,Johannesfredsvägen,,59.3455396,17.9718453,Ulvsunda industriområde,Bromma
Lekplats,playground,Lekplats,Tackjärnsvägen,,59.3450769,17.9738385,Ulvsunda industriområde,Bromma
Lekplats,playground,Lekplats,Ståltrådsvägen,,59.3454695,17.9723554,Ulvsunda industriområde,Bromma
Lekplats,playground,Lekplats,Ericavägen,,59.3443887,17.9408692,Riksby,Bromma
Lekplats,playground,Lekplats,Kratsbodavägen,,59.3591507,17.9555672,Mariehäll,Bromma
Lekplats,playground,Lekplats,Kratsbodavägen,,59.359318,17.954757,Mariehäll,Bromma
Lekplats,playground,Lekplats,Kratsbodavägen,,59.3594289,17.9547097,Mariehäll,Bromma
Lekplats,playground,Lekplats,Linabergsstigen,,59.3620515,17.9535895,Mariehäll,Bromma
Lekplats,playground,Lekplats,Linabergsstigen,,59.3621188,17.953856,Mariehäll,Bromma
Lekplats,playground,Lekplats,Alpvägen,,59.3619661,17.9532735,Mariehäll,Bromma
Lekplats,playground,Lekplats,Linabergsstigen,,59.3621122,17.9538933,Mariehäll,Bromma
Lekplats,playground,Lekplats,Alpvägen,,59.3621558,17.9538113,Mariehäll,Bromma
Lekplats,playground,Lekplats,Emils Gata,,59.3631834,17.9493822,Mariehäll,Bromma
Lekplats,playground,Lekplats,Emils Gata,,59.3632078,17.9495308,Mariehäll,Bromma
Lekplats,playground,Lekplats,Emils Gata,,59.3631328,17.949495,Mariehäll,Bromma
Lekplats,playground,Lekplats,Tappvägen,23,59.3631964,17.9492479,Mariehäll,Bromma
Lekplats,playground,Lekplats,Emils Gata,,59.3632177,17.9495763,Mariehäll,Bromma
Lekplats,playground,Lekplats,Ronja Rövardotters Stig,,59.3633327,17.9474769,Mariehäll,Bromma
Lekplats,playground,Lekplats,Ronja Rövardotters Stig,,59.3634194,17.9473281,Mariehäll,Bromma
Lekplats,playground,Lekplats,Tegelbergsvägen,,59.3583515,17.9529108,Mariehäll,Bromma
Gym/Utomhusgym,fitness_station,Gym/Utomhusgym,Björnsonsgatan,,59.3456372,17.8783771,Blackeberg,Bromma
Snurran,playground,Lekplats,Sopvägen,,59.3184994,17.9544361,Ålsten,Bromma
Sushiparken,playground,Lekplats,Follingbogatan,,59.3582993,17.9040448,Eneby,Bromma
Lekplatsen Bågen,playground,Lekplats,Bågvägen,,59.3226674,17.9548923,Ålsten,Bromma
Gym/Utomhusgym,fitness_station,Gym/Utomhusgym,Judarskogen Reflexbana MTB,,59.340791,17.9068068,Nockebyhov,Bromma
Marino,restaurant,Restaurang & Snabbmat,Klubbacken,51,59.305325,17.9632902,Hägersten,Hägersten-Älvsjö
Hemköp Stockholm Älvsjö,supermarket,Matbutik,Sjättenovembervägen,208,59.2787519,18.00228,Liseberg,Hägersten-Älvsjö
OKQ8,fuel,Bensinmack,Kontrollvägen,,59.2944349,18.0025876,Västberga,Hägersten-Älvsjö
Circle K,fuel,Bensinmack,Nioörtsvägen,,59.2999537,18.012147,Västberga,Hägersten-Älvsjö
McDonald's,fast_food,Restaurang & Snabbmat,Lerkrogsvägen,,59.2930743,18.0012108,Västberga,Hägersten-Älvsjö
Coop Västertorp,supermarket,Matbutik,Störtloppsvägen,17,59.2927384,17.9676426,Västertorp,Hägersten-Älvsjö
Hemköp Hägersten Västertorp,supermarket,Matbutik,Störtloppsvägen,22,59.2930981,17.9677873,Västertorp,Hägersten-Älvsjö
Sushi Bar,restaurant,Restaurang & Snabbmat,Störtloppsvägen,,59.2924236,17.9679342,Västertorp,Hägersten-Älvsjö
Lekplats,playground,Lekplats,Långsjöhöjden,,59.2647808,17.9840719,Långsjö,Hägersten-Älvsjö
Lekplats,playground,Lekplats,Långbrodalsvägen,,59.2715724,17.9845487,Långsjö,Hägersten-Älvsjö
ST1,fuel,Bensinmack,Elektravägen,33,59.2946662,18.0099656,Västberga,Hägersten-Älvsjö
Apoteket,pharmacy,Apotek,Fruängstorget,6,59.2857782,17.9646066,Fruängen,Hägersten-Älvsjö
Systembolaget,alcohol,Systembolag,Fruängsgången,10,59.2856716,17.9638677,Fruängen,Hägersten-Älvsjö
Solberga restaurang,restaurant,Restaurang & Snabbmat,Klacktorget,4,59.2869324,18.0104442,Solberga,Hägersten-Älvsjö
Stora Coop Västberga,supermarket,Matbutik,Västbergavägen,4,59.2937143,18.0046482,Västberga,Hägersten-Älvsjö
Willys Stockholm Älvsjö,supermarket,Matbutik,Älvsjö Ängsväg,2-6,59.2753,18.0132,Liseberg,Hägersten-Älvsjö
ICA Supermarket,supermarket,Matbutik,Sjövikstorget,,59.3073101,18.0296528,Liljeholmen,Hägersten-Älvsjö
E4-baren,fast_food,Restaurang & Snabbmat,Kristallvägen,156,59.2897345,18.0023026,Solberga,Hägersten-Älvsjö
Cafe Vintervikens Trädgård,cafe,Kafé,Vinterviksvägen,30,59.3112368,17.9990416,Aspudden,Hägersten-Älvsjö
Coop Gröndal,supermarket,Matbutik,Gröndalsvägen,,59.3160917,18.0116571,Gröndal,Hägersten-Älvsjö
Ekensbergs Pizza,fast_food,Restaurang & Snabbmat,Gröndalsvägen,,59.3148143,17.9953198,Gröndal,Hägersten-Älvsjö
Lundbergs konditori,cafe,Kafé,Sjöbjörnsvägen,,59.3160215,18.0103222,Gröndal,Hägersten-Älvsjö
Gröndals Sushi Kök,restaurant,Restaurang & Snabbmat,Gröndalsvägen,,59.3158464,18.0136582,Gröndal,Hägersten-Älvsjö
Tre Vänner,restaurant,Restaurang & Snabbmat,Svandammsvägen,,59.3014183,18.0120339,Midsommarkransen,Hägersten-Älvsjö
Tegelbruket,cafe,Kafé,Svandammsvägen,,59.3020479,18.0153506,Midsommarkransen,Hägersten-Älvsjö
Restaurant Kransen,restaurant,Restaurang & Snabbmat,Nybodagatan,,59.3022631,18.0148264,Midsommarkransen,Hägersten-Älvsjö
Pita i parken,restaurant,Restaurang & Snabbmat,Svandammsvägen,,59.301094,18.0069063,Midsommarkransen,Hägersten-Älvsjö
Tellus,cinema,Biograf,Vattenledningsvägen,,59.3019888,18.0075991,Midsommarkransen,Hägersten-Älvsjö
OKQ8 Hägersten,fuel,Bensinmack,Elsa Brändströms Gata,,59.2876582,17.9800825,Fruängen,Hägersten-Älvsjö
ICA Nära Telefonplan,supermarket,Matbutik,Telefonvägen,20,59.2988217,17.9969403,Midsommarkransen,Hägersten-Älvsjö
Pizzeria Italia,fast_food,Restaurang & Snabbmat,Cedergrensvägen,,59.3001157,17.9957628,Midsommarkransen,Hägersten-Älvsjö
Best on the best,restaurant,Restaurang & Snabbmat,LM Ericssons Väg,,59.29991,17.9959046,Midsommarkransen,Hägersten-Älvsjö
Landet,restaurant,Restaurang & Snabbmat,Valborgsmässovägen,,59.2991679,17.9962667,Midsommarkransen,Hägersten-Älvsjö
Lurparken,playground,Lekplats,Huvudfabriksgatan,,59.3009202,17.9933312,Midsommarkransen,Hägersten-Älvsjö
Telegrillen,fast_food,Restaurang & Snabbmat,Mikrofonvägen,,59.2979103,17.9971428,Midsommarkransen,Hägersten-Älvsjö
JJ's,fast_food,Restaurang & Snabbmat,Främlingsvägen,,59.3039515,18.0036438,Midsommarkransen,Hägersten-Älvsjö
Coop Älvsjö,supermarket,Matbutik,Älvsjö Torg,4,59.2790528,18.0099095,Älvsjö,Hägersten-Älvsjö
Gröndals grill & pizza,fast_food,Restaurang & Snabbmat,Gröndalsvägen,,59.3158038,18.0095939,Gröndal,Hägersten-Älvsjö
Gröndals bibliotek,library,Bibliotek,Gröndalsvägen,,59.3161337,18.0121677,Gröndal,Hägersten-Älvsjö
Gandhi,restaurant,Restaurang & Snabbmat,Sjöbjörnsvägen,,59.316601,18.0083698,Gröndal,Hägersten-Älvsjö
Hägern,restaurant,Restaurang & Snabbmat,Inteckningsvägen,84,59.2944861,17.9809865,Hägerstensåsen,Hägersten-Älvsjö
Ica,supermarket,Matbutik,Sparbanksvägen,,59.2971133,17.982747,Hägerstensåsen,Hägersten-Älvsjö
Indian Lotus,restaurant,Restaurang & Snabbmat,Riksdalervägen,,59.2974935,17.9843719,Hägerstensåsen,Hägersten-Älvsjö
Da Dante,restaurant,Restaurang & Snabbmat,Brådstupsvägen,,59.3040862,17.9591433,Hägersten,Hägersten-Älvsjö
Villa Fridhem,restaurant,Restaurang & Snabbmat,Mälarhöjdsvägen,2,59.3016308,17.956049,Mälarhöjden,Hägersten-Älvsjö
Coop Örnsberg,supermarket,Matbutik,Junkergatan,27,59.3057786,17.9895142,Aspudden,Hägersten-Älvsjö
Wintervikens cafe,cafe,Kafé,Vinterviksvägen,60,59.3116377,17.9921168,Aspudden,Hägersten-Älvsjö
Pizzeria Sorrento,fast_food,Restaurang & Snabbmat,Störtloppsvägen,26,59.2933579,17.9675477,Västertorp,Hägersten-Älvsjö
Nickys Thai,restaurant,Restaurang & Snabbmat,Styrbjörnsvägen,,59.3094687,18.0026802,Aspudden,Hägersten-Älvsjö
Coop Aspudden,supermarket,Matbutik,Fågeltorget,,59.3053907,17.9932874,Aspudden,Hägersten-Älvsjö
Tellus Restaurang,restaurant,Restaurang & Snabbmat,Dialoggatan,11,59.2991966,17.9924373,Midsommarkransen,Hägersten-Älvsjö
"ICA Hallen, Axelsberg",supermarket,Matbutik,Selmedalsvägen,38,59.3048107,17.9755631,Hägersten,Hägersten-Älvsjö
Mix Thai,fast_food,Restaurang & Snabbmat,Doktor Widerströms Gata,1,59.2840405,17.9578914,Fruängen,Hägersten-Älvsjö
Hemköp Stockholm Fruängen C,supermarket,Matbutik,Fruängsgången,10,59.2856612,17.9646492,Fruängen,Hägersten-Älvsjö
Bankomat,restaurant,Restaurang & Snabbmat,Sjövikskajen,,59.3076959,18.0305063,Liljeholmen,Hägersten-Älvsjö
Nästan hemma,cafe,Kafé,Slättgårdsvägen,1,59.3009248,17.957392,Hägersten,Hägersten-Älvsjö
Lekplats,playground,Lekplats,Klubbensborgsvägen,,59.3048245,17.9590871,Hägersten,Hägersten-Älvsjö
Långpannan,restaurant,Restaurang & Snabbmat,Elsa Borgs Gata,,59.2829973,17.9647493,Fruängen,Hägersten-Älvsjö
Coop Fruängen,supermarket,Matbutik,Fruängsgången,3,59.2854719,17.9653558,Fruängen,Hägersten-Älvsjö
Lucky,fast_food,Restaurang & Snabbmat,Örnsbergsvägen,,59.3054372,17.98887,Aspudden,Hägersten-Älvsjö
Woktory,restaurant,Restaurang & Snabbmat,Ellen Keys Gata,75,59.2846844,17.9662449,Fruängen,Hägersten-Älvsjö
Fruängens Läkarhus,doctor,Vårdcentral,Fruängsgången,2,59.2855867,17.9667241,Fruängen,Hägersten-Älvsjö
Bella Donna,fast_food,Restaurang & Snabbmat,Fruängsgatan,,59.2853202,17.9631433,Fruängen,Hägersten-Älvsjö
Grillhörnan,fast_food,Restaurang & Snabbmat,Fruängsplan,,59.2857793,17.9652246,Fruängen,Hägersten-Älvsjö
Fruängens bibliotek,library,Bibliotek,Fruängsgången,,59.2856698,17.9654212,Fruängen,Hägersten-Älvsjö
Bigges,fast_food,Restaurang & Snabbmat,Fruängsgatan,,59.2852617,17.9646355,Fruängen,Hägersten-Älvsjö
Cafékoppen,cafe,Kafé,Fruängstorget,4,59.2858337,17.9634488,Fruängen,Hägersten-Älvsjö
66 Kvadrat Sushi,restaurant,Restaurang & Snabbmat,Fruängsgatan,,59.2847551,17.9618674,Fruängen,Hägersten-Älvsjö
Pizzeria Tropicana,fast_food,Restaurang & Snabbmat,Vasaloppsvägen,,59.2937875,17.9655034,Västertorp,Hägersten-Älvsjö
Apotek Hjärtat,pharmacy,Apotek,Störtloppsvägen,,59.2940587,17.9669036,Västertorp,Hägersten-Älvsjö
Kronans Apotek,pharmacy,Apotek,Annebodavägen,4-6,59.2847122,18.0301247,Älvsjö,Hägersten-Älvsjö
Kronans Apotek,pharmacy,Apotek,Telefonplan,,59.2986734,17.9970116,Midsommarkransen,Hägersten-Älvsjö
Pepe Nero,restaurant,Restaurang & Snabbmat,Tivolivägen,2,59.2951017,18.0048473,Västberga,Hägersten-Älvsjö
Circle K Truckdiesel,fuel,Bensinmack,Vretensborgsvägen,,59.2994785,18.0199642,Västberga,Hägersten-Älvsjö
Pizzeria Spader Dam,restaurant,Restaurang & Snabbmat,Jenny Linds Gata,,59.2882766,17.9686475,Fruängen,Hägersten-Älvsjö
Restaurang & Snabbmat,fast_food,Restaurang & Snabbmat,Störtloppsvägen,,59.2921669,17.9681563,Västertorp,Hägersten-Älvsjö
Korfu Orfa,restaurant,Restaurang & Snabbmat,Sparbanksvägen,,59.2976427,17.9826086,Hägerstensåsen,Hägersten-Älvsjö
Wong Kee,restaurant,Restaurang & Snabbmat,Grönbrinksgatan,,59.3069965,18.0290177,Liljeholmen,Hägersten-Älvsjö
Gröna Dalen,restaurant,Restaurang & Snabbmat,Gröndalsvägen,,59.3160058,18.0111341,Gröndal,Hägersten-Älvsjö
Thai Rung,restaurant,Restaurang & Snabbmat,Liljeholmstorget,,59.3104328,18.0223051,Liljeholmen,Hägersten-Älvsjö
Di Metro,fast_food,Restaurang & Snabbmat,Liljeholmstorget,,59.3101026,18.0220192,Liljeholmen,Hägersten-Älvsjö
McDonald's,fast_food,Restaurang & Snabbmat,Liljeholmstorget,,59.3104032,18.0229847,Liljeholmen,Hägersten-Älvsjö
Coop Liljeholmen,supermarket,Matbutik,Liljeholmstorget,,59.3106203,18.0235883,Liljeholmen,Hägersten-Älvsjö
Äldreboendet Trekanten,restaurant,Restaurang & Snabbmat,Trekantsstranden,,59.3134648,18.0181386,Liljeholmen,Hägersten-Älvsjö
Liljeholmens Grill,fast_food,Restaurang & Snabbmat,Liljeholmstorget,,59.3100673,18.0218658,Liljeholmen,Hägersten-Älvsjö
KFC,fast_food,Restaurang & Snabbmat,Liljeholmstorget,,59.3097444,18.0221382,Liljeholmen,Hägersten-Älvsjö
Bravo,cafe,Kafé,Liljeholmstorget,,59.3101203,18.0232131,Liljeholmen,Hägersten-Älvsjö
Lidl,supermarket,Matbutik,Liljeholmstorget,,59.3100484,18.0233359,Liljeholmen,Hägersten-Älvsjö
Bara Vedugnspizza,restaurant,Restaurang & Snabbmat,Örby Slottsväg,48,59.2797601,18.0342466,Örby slott,Hägersten-Älvsjö
Bella Notte,restaurant,Restaurang & Snabbmat,Tegelbruksvägen,,59.3023424,18.0141062,Midsommarkransen,Hägersten-Älvsjö
Sats,fitness_centre,Gym/Utomhusgym,Buteljgatan,,59.3091841,18.0284825,Liljeholmen,Hägersten-Älvsjö
Koi Sushi,fast_food,Restaurang & Snabbmat,Hägerstensvägen,,59.3053498,17.9975035,Aspudden,Hägersten-Älvsjö
Mama Ye's,restaurant,Restaurang & Snabbmat,Sjövikstorget,,59.3075449,18.0301795,Liljeholmen,Hägersten-Älvsjö
ICA Kvantum Liljeholmen,supermarket,Matbutik,Liljeholmstorget,,59.3094423,18.0222688,Liljeholmen,Hägersten-Älvsjö
Willys,supermarket,Matbutik,Nybohovsbacken,,59.3093766,18.0211932,Liljeholmen,Hägersten-Älvsjö
Brisket & friends,fast_food,Restaurang & Snabbmat,Upplagsvägen,,59.2994274,18.0216412,Västberga,Hägersten-Älvsjö
Morningstar Cafe,restaurant,Restaurang & Snabbmat,Drivhjulsvägen,,59.2967508,18.019543,Västberga,Hägersten-Älvsjö
Coop Midsommarkransen,supermarket,Matbutik,Svandammsvägen,20,59.301647,18.0124794,Midsommarkransen,Hägersten-Älvsjö
Svenska Sushiköket,restaurant,Restaurang & Snabbmat,Tellusborgsvägen,76,59.3003552,18.0040262,Midsommarkransen,Hägersten-Älvsjö
Pizzeria Fellini,fast_food,Restaurang & Snabbmat,Midsommarvägen,,59.300644,18.0121602,Midsommarkransen,Hägersten-Älvsjö
Kransens Wok,fast_food,Restaurang & Snabbmat,Tegelbruksvägen,,59.3031402,18.0127352,Midsommarkransen,Hägersten-Älvsjö
Tellus Pizza,fast_food,Restaurang & Snabbmat,Vattenledningsvägen,,59.3020127,18.0082047,Midsommarkransen,Hägersten-Älvsjö
Nygammalt,restaurant,Restaurang & Snabbmat,Vattenledningsvägen,,59.2998782,18.0046563,Midsommarkransen,Hägersten-Älvsjö
Pino,fast_food,Restaurang & Snabbmat,Nioörtsvägen,,59.301504,18.0160105,Midsommarkransen,Hägersten-Älvsjö
The Swan,restaurant,Restaurang & Snabbmat,Erikslundsgatan,,59.3006861,18.014473,Midsommarkransen,Hägersten-Älvsjö
Restaurang Udden,restaurant,Restaurang & Snabbmat,Schlytersvägen,,59.3064868,18.006486,Aspudden,Hägersten-Älvsjö
Älvsjö bibliotek,library,Bibliotek,Älvsjö Stationsgata,,59.2781677,18.0078331,Älvsjö,Hägersten-Älvsjö
Lekplats,playground,Lekplats,Sedelvägen,,59.296161,17.9808213,Hägerstensåsen,Hägersten-Älvsjö
Chicha 08,restaurant,Restaurang & Snabbmat,Ingenjörsvägen,,59.3064952,18.0256387,Liljeholmen,Hägersten-Älvsjö
Pepe Nero,restaurant,Restaurang & Snabbmat,Sjöviksvägen,,59.3060136,18.032393,Liljeholmen,Hägersten-Älvsjö
Telefonplans bibliotek,library,Bibliotek,Telefonplan,,59.2989246,17.9966603,Midsommarkransen,Hägersten-Älvsjö
OKQ8,fuel,Bensinmack,Elisabeth Tamms Gata,1,59.2849919,17.954975,Fruängen,Hägersten-Älvsjö
Roots & Soil,restaurant,Restaurang & Snabbmat,Årstaängsvägen,,59.3097676,18.028177,Liljeholmen,Hägersten-Älvsjö
Lekplats,playground,Lekplats,Hövdingagatan,,59.3063786,17.9972313,Aspudden,Hägersten-Älvsjö
Lekplats,playground,Lekplats,Torsten Almsstigen,,59.307586,17.9948105,Aspudden,Hägersten-Älvsjö
Lisebergs Café & Matsal,restaurant,Restaurang & Snabbmat,Annebodavägen,23-25,59.2871214,18.0266966,Älvsjö,Hägersten-Älvsjö
Lekplats,playground,Lekplats,Torsten Alms Gata,,59.3094183,17.9942857,Aspudden,Hägersten-Älvsjö
Lekplats,playground,Lekplats,Långbrodalsvägen,,59.2717013,17.9846451,Långsjö,Hägersten-Älvsjö
Lekplats,playground,Lekplats,Långbrodalsvägen,,59.2721591,17.985962,Långsjö,Hägersten-Älvsjö
Hinode Sushi,fast_food,Restaurang & Snabbmat,Götalandsvägen,253,59.2793638,18.004151,Älvsjö,Hägersten-Älvsjö
Bapuji,restaurant,Restaurang & Snabbmat,Älvsjövägen,2,59.2783471,18.0063075,Liseberg,Hägersten-Älvsjö
Lekplats,playground,Lekplats,Slalomvägen,,59.2918792,17.9751361,Västertorp,Hägersten-Älvsjö
Älvgården Kök & Bar,restaurant,Restaurang & Snabbmat,Älvsjövägen,7,59.2780961,18.0061133,Liseberg,Hägersten-Älvsjö
Vår Pizza,restaurant,Restaurang & Snabbmat,Johan Skyttes Väg,218,59.277762,18.0018118,Liseberg,Hägersten-Älvsjö
Cafe Gården,cafe,Kafé,Sedelvägen,20,59.2961996,17.9830405,Hägerstensåsen,Hägersten-Älvsjö
Aspuddens apotek,pharmacy,Apotek,Erik Segersälls Väg,,59.3061293,18.000954,Aspudden,Hägersten-Älvsjö
Bombay Taj,restaurant,Restaurang & Snabbmat,Hägerstensvägen,,59.3055028,18.0031363,Aspudden,Hägersten-Älvsjö
Mums,fast_food,Restaurang & Snabbmat,Hägerstensvägen,,59.305703,18.001019,Aspudden,Hägersten-Älvsjö
EPA,fast_food,Restaurang & Snabbmat,Hägerstensvägen,,59.3054736,18.0018403,Aspudden,Hägersten-Älvsjö
Aspuddens bibliotek,library,Bibliotek,Hägerstensvägen,,59.3054669,18.0015478,Aspudden,Hägersten-Älvsjö
Gröndals Apotek,pharmacy,Apotek,Gröndalsvägen,,59.316151,18.0123077,Gröndal,Hägersten-Älvsjö
Lekplats,playground,Lekplats,Metronomgatan,,59.297741,18.000378,Västberga,Hägersten-Älvsjö
Lekplats,playground,Lekplats,Metronomgatan,,59.2978478,18.0005014,Västberga,Hägersten-Älvsjö
Café Hitom,cafe,Kafé,Klaviaturgatan,11,59.2979163,18.0001688,Västberga,Hägersten-Älvsjö
Café Momo,cafe,Kafé,Liljeholmstorget,,59.3098599,18.0217484,Liljeholmen,Hägersten-Älvsjö
Delfin,restaurant,Restaurang & Snabbmat,Gröndalsvägen,,59.3151188,18.0149853,Gröndal,Hägersten-Älvsjö
DIN-DIN Club,restaurant,Restaurang & Snabbmat,Sjövikstorget,,59.3081563,18.0291693,Liljeholmen,Hägersten-Älvsjö
German Beer Hall Liljeholmen,restaurant,Restaurang & Snabbmat,Buteljgatan,,59.3083331,18.0296139,Liljeholmen,Hägersten-Älvsjö
Älvsjö Pizzeria,restaurant,Restaurang & Snabbmat,Älvsjövägen,90,59.2849116,17.9931883,Älvsjö,Hägersten-Älvsjö
Memozin Kolgrill,restaurant,Restaurang & Snabbmat,Älvsjövägen,90,59.2848081,17.9933848,Älvsjö,Hägersten-Älvsjö
Långbro Pizzeria,fast_food,Restaurang & Snabbmat,Svartlösavägen,79,59.2809246,17.9860678,Älvsjö,Hägersten-Älvsjö
SATS Älvsjö,fitness_centre,Gym/Utomhusgym,Götalandsvägen,,59.2810159,18.0142423,Älvsjö,Hägersten-Älvsjö
Klockhusköket,restaurant,Restaurang & Snabbmat,Glasfibergatan,6,59.2808036,18.0013698,Älvsjö,Hägersten-Älvsjö
Stoff,cafe,Kafé,Klubbevägen,,59.273582,17.9954645,Långsjö,Hägersten-Älvsjö
Megagrillen,fast_food,Restaurang & Snabbmat,Johan Skyttes Väg,188,59.278964,18.0084016,Älvsjö,Hägersten-Älvsjö
Hökmossens kaffestuga,restaurant,Restaurang & Snabbmat,Hökmossevägen,22,59.2919271,17.9951927,Västberga,Hägersten-Älvsjö
Cafe Elektra,cafe,Kafé,Elektravägen,33,59.2943422,18.0090461,Västberga,Hägersten-Älvsjö
IDS,fuel,Bensinmack,Upplagsvägen,,59.2990961,18.0220276,Västberga,Hägersten-Älvsjö
Bakstugan i Västertorp,cafe,Kafé,Vasaloppsvägen,,59.294539,17.9668412,Västertorp,Hägersten-Älvsjö
Shinto Restaurang,restaurant,Restaurang & Snabbmat,Solberga Hagväg,5,59.279555,18.0086807,Älvsjö,Hägersten-Älvsjö
Svenska Hamburgerköket,fast_food,Restaurang & Snabbmat,Tellusborgsvägen,78,59.3001133,18.0039844,Midsommarkransen,Hägersten-Älvsjö
Kronans Apotek,pharmacy,Apotek,Västbergavägen,4,59.2935847,18.0048911,Västberga,Hägersten-Älvsjö
Indian Garden,restaurant,Restaurang & Snabbmat,Sjövikstorget,,59.3079045,18.0286974,Liljeholmen,Hägersten-Älvsjö
Sushi Ureshii,restaurant,Restaurang & Snabbmat,Sedelvägen,28,59.296068,17.9823624,Hägerstensåsen,Hägersten-Älvsjö
Staffans trafikskola,driving_school,Trafikskola,Långbrodalsvägen,,59.2799024,18.0011743,Liseberg,Hägersten-Älvsjö
Parma Kök & Bar,restaurant,Restaurang & Snabbmat,Fruängstorget,12,59.2857916,17.96335,Fruängen,Hägersten-Älvsjö
Segeltorps trafikskola,driving_school,Trafikskola,Gamla Södertäljevägen,,59.2836671,17.9573967,Fruängen,Hägersten-Älvsjö
Chong Qing,restaurant,Restaurang & Snabbmat,Liljeholmsvägen,,59.3128576,18.028359,Liljeholmen,Hägersten-Älvsjö
Chamsin Grill,fast_food,Restaurang & Snabbmat,Liljeholmsvägen,,59.3128175,18.0281034,Liljeholmen,Hägersten-Älvsjö
Vivels,cafe,Kafé,Älvsjö Torg,6,59.2790794,18.0093028,Älvsjö,Hägersten-Älvsjö
JM Movement,physiotherapist,Fysioterapeut,Örby Slottsväg,,59.2807721,18.0328046,Örby slott,Hägersten-Älvsjö
Älvsjö Öron-näsa-hals,doctor,Vårdcentral,Johan Skyttes Väg,198,59.278468,18.0069728,Älvsjö,Hägersten-Älvsjö
Butsaya,restaurant,Restaurang & Snabbmat,Midsommargränd,,59.2990374,18.0034908,Västberga,Hägersten-Älvsjö
Snabb & Lugn Café,cafe,Kafé,Älvsjö Stationsgata,11,59.2784904,18.0108359,Älvsjö,Hägersten-Älvsjö
Lius kök,restaurant,Restaurang & Snabbmat,Vantörsvägen,279,59.2862001,17.9531322,Fruängen,Hägersten-Älvsjö
Fitness24Seven,fitness_centre,Gym/Utomhusgym,Johan Skyttes Väg,,59.2787812,18.0080853,Älvsjö,Hägersten-Älvsjö
Lekplats,playground,Lekplats,Hägerstensvägen,,59.3010494,17.9565868,Mälarhöjden,Hägersten-Älvsjö
Utegym,fitness_station,Gym/Utomhusgym,Älvsjöskogens elljusspår,,59.2709035,17.9947649,Långsjö,Hägersten-Älvsjö
Spiskroken,restaurant,Restaurang & Snabbmat,Västbergavägen,,59.2928504,18.0082976,Västberga,Hägersten-Älvsjö
Älvsjö Tandläkaren,dentist,Tandläkare,Johan Skyttes Väg,202,59.2780057,18.0059938,Liseberg,Hägersten-Älvsjö
Mejram,restaurant,Restaurang & Snabbmat,Karusellplan,,59.2981398,18.0105611,Västberga,Hägersten-Älvsjö
Asian Garden,restaurant,Restaurang & Snabbmat,Karusellplan,,59.2980092,18.0104411,Västberga,Hägersten-Älvsjö
Istanbul Kolgrill,restaurant,Restaurang & Snabbmat,Västberga gårdsväg,,59.2915406,18.012289,Västberga,Hägersten-Älvsjö
Västbergakällan,restaurant,Restaurang & Snabbmat,Drivhjulsvägen,,59.2959258,18.0176833,Västberga,Hägersten-Älvsjö
Västberga Grillen,restaurant,Restaurang & Snabbmat,Vretensborgsvägen,20,59.299127,18.0160865,Västberga,Hägersten-Älvsjö
Nancys Freshfood,restaurant,Restaurang & Snabbmat,Vretensborgsvägen,,59.2985196,18.0146522,Västberga,Hägersten-Älvsjö
ST1,fuel,Bensinmack,Vasaloppsvägen,,59.2966942,17.973784,Västertorp,Hägersten-Älvsjö
R Han Thai Take Away,fast_food,Restaurang & Snabbmat,Safirgränd,,59.2918739,17.99975,Solberga,Hägersten-Älvsjö
WKB Västberga,restaurant,Restaurang & Snabbmat,Västberga Allé,36,59.293817,18.0111796,Västberga,Hägersten-Älvsjö
Erik's,restaurant,Restaurang & Snabbmat,Sjöviksbacken,,59.3045093,18.0304702,Liljeholmen,Hägersten-Älvsjö
The meeting bar & restaurant,restaurant,Restaurang & Snabbmat,Hägerstensvägen,,59.3050438,17.9921902,Aspudden,Hägersten-Älvsjö
Tokai sushi,restaurant,Restaurang & Snabbmat,Tellusgången,27,59.2987356,17.990757,Midsommarkransen,Hägersten-Älvsjö
Restaurang & Snabbmat,fast_food,Restaurang & Snabbmat,Störtloppsvägen,,59.2919715,17.9684317,Västertorp,Hägersten-Älvsjö
La Favorita,restaurant,Restaurang & Snabbmat,Bäckvägen,,59.3016611,17.9883394,Hägerstensåsen,Hägersten-Älvsjö
Il Forno di Fruängen,restaurant,Restaurang & Snabbmat,Vantörsvägen,282,59.286271,17.9508633,Fruängen,Hägersten-Älvsjö
Lekplats,playground,Lekplats,Piruettvägen,,59.2936135,17.9785679,Hägerstensåsen,Hägersten-Älvsjö
GAIA,restaurant,Restaurang & Snabbmat,Vattenledningsvägen,,59.3024341,18.0086666,Midsommarkransen,Hägersten-Älvsjö
Lekplats,playground,Lekplats,Västertorpsvägen,,59.2910324,17.97352,Västertorp,Hägersten-Älvsjö
Lekplats,playground,Lekplats,Skridskovägen,,59.2929672,17.9759926,Västertorp,Hägersten-Älvsjö
Lekplats,playground,Lekplats,Skridskovägen,,59.2927575,17.974138,Västertorp,Hägersten-Älvsjö
Pizza Örnsberg,fast_food,Restaurang & Snabbmat,Junkergatan,,59.3059603,17.9915981,Aspudden,Hägersten-Älvsjö
Hägerstens tandvårdsteam,dentist,Tandläkare,Sparbanksvägen,20-22,59.2975127,17.9826565,Hägerstensåsen,Hägersten-Älvsjö
Verkets Matsal,restaurant,Restaurang & Snabbmat,Näbbskostigen,,59.2895192,18.0159371,Västberga,Hägersten-Älvsjö
Rain,restaurant,Restaurang & Snabbmat,Tellusborgsvägen,84,59.2994428,18.0034208,Midsommarkransen,Hägersten-Älvsjö
Ica Nära Älvsjö,supermarket,Matbutik,Svartlösavägen,181,59.2726121,17.9779185,Långsjö,Hägersten-Älvsjö
Lycka Thai & Sushi,fast_food,Restaurang & Snabbmat,Snöripsvägen,,59.2729767,17.9777737,Långsjö,Hägersten-Älvsjö
Thanita's Thai,fast_food,Restaurang & Snabbmat,Bäckvägen,141a,59.3012951,17.9865035,Hägerstensåsen,Hägersten-Älvsjö
Kafé,cafe,Kafé,Personnevägen,,59.2980588,17.9760594,Hägersten,Hägersten-Älvsjö
Kronans Apotek,pharmacy,Apotek,Älvsjökopplet,,59.2750688,18.0130154,Liseberg,Hägersten-Älvsjö
Puls och Träning,fitness_centre,Gym/Utomhusgym,Sjöviksbacken,,59.3061169,18.031891,Liljeholmen,Hägersten-Älvsjö
itrim,fitness_centre,Gym/Utomhusgym,Liljeholmsvägen,,59.3126201,18.0261071,Liljeholmen,Hägersten-Älvsjö
Apoteket,pharmacy,Apotek,Älvsjö Torg,17A,59.2785746,18.0090219,Älvsjö,Hägersten-Älvsjö
Lekplats,playground,Lekplats,Toffelbacken,,59.286065,18.01502,Solberga,Hägersten-Älvsjö
Hinode Wok,fast_food,Restaurang & Snabbmat,Älvsjö Torg,15A,59.2786381,18.0093297,Älvsjö,Hägersten-Älvsjö
Systembolaget,alcohol,Systembolag,Västbergavägen,,59.2939589,18.0039519,Västberga,Hägersten-Älvsjö
Krubb,restaurant,Restaurang & Snabbmat,Telefonvägen,22,59.298455,17.9953077,Midsommarkransen,Hägersten-Älvsjö
CASA del LAGO,restaurant,Restaurang & Snabbmat,Strandängsstigen,,59.2653194,17.9754574,Långsjö,Hägersten-Älvsjö
Kafé,cafe,Kafé,Gårdstigen,,59.2653765,17.9753585,Långsjö,Hägersten-Älvsjö
Lekplats,playground,Lekplats,Långsjövägen,,59.2689866,17.9699271,Långsjö,Hägersten-Älvsjö
Herrängens gård,cafe,Kafé,Segeltorpsvägen,49-51,59.273165,17.9608766,Älvsjö,Hägersten-Älvsjö
Subway,fast_food,Restaurang & Snabbmat,Älvsjö Torg,13B,59.2786951,18.0094843,Älvsjö,Hägersten-Älvsjö
Wild Flower Bakehouse Café,cafe,Kafé,Kransbindarvägen,,59.3024732,18.001802,Midsommarkransen,Hägersten-Älvsjö
Jarla Trafikskola,driving_school,Trafikskola,Johan Skyttes Väg,189C,59.278502,18.0080988,Älvsjö,Hägersten-Älvsjö
Stenugnsbröd På Söder,cafe,Kafé,Svandammsvägen,,59.3014783,18.0130327,Midsommarkransen,Hägersten-Älvsjö
Pizza,fast_food,Restaurang & Snabbmat,Aklejavägen,,59.2772451,17.9660733,Älvsjö,Hägersten-Älvsjö
Lekplats,playground,Lekplats,Kristallvägen,,59.2877577,18.0013176,Solberga,Hägersten-Älvsjö
Island Hoppers,restaurant,Restaurang & Snabbmat,Instrumentvägen,,59.3055572,17.9826465,Hägersten,Hägersten-Älvsjö
Pepe Rosso,fast_food,Restaurang & Snabbmat,Älvsjövägen,5,59.2777849,18.0060419,Liseberg,Hägersten-Älvsjö
Grappolo D'uva,restaurant,Restaurang & Snabbmat,Älvsjö Torg,19A,59.2787636,18.0086926,Älvsjö,Hägersten-Älvsjö
Fitness24Seven,fitness_centre,Gym/Utomhusgym,Älvsjö Broväg,,59.2760792,18.0139633,Liseberg,Hägersten-Älvsjö
Thelins,cafe,Kafé,Johan Skyttes Väg,185,59.2787234,18.008594,Älvsjö,Hägersten-Älvsjö
WRAP'Z,restaurant,Restaurang & Snabbmat,Svandammsvägen,5,59.3018326,18.015297,Midsommarkransen,Hägersten-Älvsjö
Rosteriet,cafe,Kafé,Rosterigränd,,59.3119336,18.0239912,Liljeholmen,Hägersten-Älvsjö
Marrakech Resturang,restaurant,Restaurang & Snabbmat,Årstaängsvägen,,59.3096235,18.030495,Liljeholmen,Hägersten-Älvsjö
Via loreto,restaurant,Restaurang & Snabbmat,Årstaängsvägen,,59.3095015,18.0283179,Liljeholmen,Hägersten-Älvsjö
Let's Eat Sushi,restaurant,Restaurang & Snabbmat,Sjöviksvägen,,59.3082152,18.0270286,Liljeholmen,Hägersten-Älvsjö
MGL Sushi,restaurant,Restaurang & Snabbmat,Fredsborgstorget,,59.3072681,18.0268205,Liljeholmen,Hägersten-Älvsjö
Tant Maja och Fröken Emilia,cafe,Kafé,Marieviksgatan,,59.3081333,18.0272421,Liljeholmen,Hägersten-Älvsjö
Blockriket,playground,Lekplats,Sjöviksvägen,,59.3048279,18.0358318,Liljeholmen,Hägersten-Älvsjö
Sjöviks pizza & kebab,fast_food,Restaurang & Snabbmat,Grönbrinksgatan,,59.3070687,18.0292022,Liljeholmen,Hägersten-Älvsjö
Haandi,restaurant,Restaurang & Snabbmat,Sjöviksvägen,,59.3064883,18.0322898,Liljeholmen,Hägersten-Älvsjö
Vår Pizza,restaurant,Restaurang & Snabbmat,Erik Segersälls Väg,,59.3059146,18.0011339,Aspudden,Hägersten-Älvsjö
Pizzabagaren,fast_food,Restaurang & Snabbmat,Tellusborgsvägen,,59.298133,18.0025128,Västberga,Hägersten-Älvsjö
Hanami Hawaiian Poké & Sushi,restaurant,Restaurang & Snabbmat,Sjöviksvägen,,59.3060444,18.0325963,Liljeholmen,Hägersten-Älvsjö
Lilla Paradiset,fast_food,Restaurang & Snabbmat,Örnsbergsvägen,,59.3055597,17.9890185,Aspudden,Hägersten-Älvsjö
Apoteket,pharmacy,Apotek,Axelsbergs Torg,2,59.304169,17.9748559,Hägersten,Hägersten-Älvsjö
ICA Supermarket Telefonplan,supermarket,Matbutik,Tellusborgsvägen,87,59.2966808,18.0014892,Västberga,Hägersten-Älvsjö
Brödernas,restaurant,Restaurang & Snabbmat,Sjövikskajen,,59.3066191,18.0334682,Liljeholmen,Hägersten-Älvsjö
Strong body & mind,fitness_centre,Gym/Utomhusgym,Sjöviksvägen,,59.3053163,18.0358886,Liljeholmen,Hägersten-Älvsjö
Café Cul-De-Sac,cafe,Kafé,Lusuddsvägen,,59.316319,18.0163716,Gröndal,Hägersten-Älvsjö
Del Mare,fast_food,Restaurang & Snabbmat,Nybohovsbacken,,59.3090971,18.0155531,Liljeholmen,Hägersten-Älvsjö
Fitness24Seven,fitness_centre,Gym/Utomhusgym,Fruängsgången,,59.2855188,17.9646495,Fruängen,Hägersten-Älvsjö
Systembolaget,alcohol,Systembolag,Nybohovsbacken,,59.3094674,18.0214651,Liljeholmen,Hägersten-Älvsjö
Lekplats,playground,Lekplats,Störtloppsvägen,,59.295542,17.9655927,Västertorp,Hägersten-Älvsjö
Biocafé Tellus,cafe,Kafé,Vattenledningsvägen,,59.3019499,18.0075039,Midsommarkransen,Hägersten-Älvsjö
Thaimat Take Away,fast_food,Restaurang & Snabbmat,Slättgårdsvägen,,59.3007035,17.957103,Mälarhöjden,Hägersten-Älvsjö
Bakom hörnet,restaurant,Restaurang & Snabbmat,Midsommarvägen,,59.299527,18.0053741,Midsommarkransen,Hägersten-Älvsjö
Masahiro,fast_food,Restaurang & Snabbmat,Tellusborgsvägen,,59.2982973,18.0026717,Västberga,Hägersten-Älvsjö
Lekplats,playground,Lekplats,Pingstvägen,,59.3012522,17.9939547,Midsommarkransen,Hägersten-Älvsjö
Bonne Femme,cafe,Kafé,Erik Segersälls Väg,,59.3062326,18.0008701,Aspudden,Hägersten-Älvsjö
Saigon House,restaurant,Restaurang & Snabbmat,Hägerstensvägen,,59.3056332,17.9983257,Aspudden,Hägersten-Älvsjö
Körkortshuset,driving_school,Trafikskola,Nybohovsbacken,,59.3099318,18.0250845,Liljeholmen,Hägersten-Älvsjö
Liljeholmens bilskola,driving_school,Trafikskola,Liljeholmstorget,,59.3105393,18.0221584,Liljeholmen,Hägersten-Älvsjö
Sushi by Rino,restaurant,Restaurang & Snabbmat,Svartlösavägen,52,59.2842313,17.9855051,Älvsjö,Hägersten-Älvsjö
Lekplats,playground,Lekplats,Långbrovägen,,59.2788513,17.9941093,Älvsjö,Hägersten-Älvsjö
Parkfiken,cafe,Kafé,Torsten Almsstigen,,59.3076579,17.9949017,Aspudden,Hägersten-Älvsjö
Prepp,cafe,Kafé,Årstaängsvägen,,59.310603,18.0297263,Liljeholmen,Hägersten-Älvsjö
Furellios Ristorante,restaurant,Restaurang & Snabbmat,Nyårsvägen,,59.3025113,17.994733,Midsommarkransen,Hägersten-Älvsjö
Bonne Femme Stenungsbageri,cafe,Kafé,Midsommarvägen,,59.2995714,18.0041699,Midsommarkransen,Hägersten-Älvsjö
Xi'an Köket,restaurant,Restaurang & Snabbmat,Bäckvägen,,59.3024092,17.994269,Midsommarkransen,Hägersten-Älvsjö
Lekplats,playground,Lekplats,Typografvägen,,59.3032597,17.9905437,Hägersten,Hägersten-Älvsjö
A.B.Café,cafe,Kafé,Valborgsmässovägen,34,59.2995931,17.998632,Midsommarkransen,Hägersten-Älvsjö
NIDa Catering och festvåning,restaurant,Restaurang & Snabbmat,Marieviksgatan,,59.3100886,18.03051,Liljeholmen,Hägersten-Älvsjö
STC,fitness_centre,Gym/Utomhusgym,Ingenjörsvägen,4,59.3063503,18.0256674,Liljeholmen,Hägersten-Älvsjö
Texas Longhorn,restaurant,Restaurang & Snabbmat,Götalandsvägen,238,59.2801143,18.00389,Älvsjö,Hägersten-Älvsjö
800 Grader,restaurant,Restaurang & Snabbmat,Cedergrensvägen,2,59.3034407,18.002799,Midsommarkransen,Hägersten-Älvsjö
Distriktstandvården Liljeholmen,dentist,Tandläkare,Liljeholmstorget,,59.309844,18.021877,Liljeholmen,Hägersten-Älvsjö
Solbergaskogens utegym,fitness_station,Gym/Utomhusgym,Smaragdstigen,,59.2853453,18.005873,Solberga,Hägersten-Älvsjö
Teso Sushi,restaurant,Restaurang & Snabbmat,Kabelverksgatan,16,59.2823244,18.0028619,Älvsjö,Hägersten-Älvsjö
Oh Poké,fast_food,Restaurang & Snabbmat,Älvsjö Stationsgata,,59.2796169,18.0120045,Älvsjö,Hägersten-Älvsjö
Solbrännans utegym,fitness_station,Gym/Utomhusgym,Apelsinstigen,,59.2819949,18.0153827,Älvsjö,Hägersten-Älvsjö
Systembolaget,alcohol,Systembolag,Älvsjö Ängsväg,2-6,59.275255,18.0128234,Liseberg,Hägersten-Älvsjö
Lubnan Kajen,restaurant,Restaurang & Snabbmat,Sjövikskajen,,59.3061152,18.0354217,Liljeholmen,Hägersten-Älvsjö
SATS Liljeholmstorget,fitness_centre,Gym/Utomhusgym,Liljeholmstorget,,59.309834,18.022026,Liljeholmen,Hägersten-Älvsjö
Bastard Burgers,restaurant,Restaurang & Snabbmat,Liljeholmstorget,5,59.309643,18.0224993,Liljeholmen,Hägersten-Älvsjö
Slow Hands,cafe,Kafé,Sedelvägen,35,59.2952723,17.9796325,Hägerstensåsen,Hägersten-Älvsjö
Thailaan,supermarket,Matbutik,Nybohovsbacken,,59.3093456,18.0214941,Liljeholmen,Hägersten-Älvsjö
Veloce Pizza,restaurant,Restaurang & Snabbmat,Kabelverksgatan,25,59.2820466,18.002632,Älvsjö,Hägersten-Älvsjö
Sushi Yama,restaurant,Restaurang & Snabbmat,Liljeholmstorget,,59.3095845,18.0218108,Liljeholmen,Hägersten-Älvsjö
Bio Aspen,cinema,Biograf,Hägerstensvägen,100A,59.3060441,18.0066425,Aspudden,Hägersten-Älvsjö
TOVE,restaurant,Restaurang & Snabbmat,Sjöviksbacken,,59.3049772,18.030666,Liljeholmen,Hägersten-Älvsjö
STC,fitness_centre,Gym/Utomhusgym,Västbergavägen,,59.2938492,18.0041601,Västberga,Hägersten-Älvsjö
Coop Svandammsplan,supermarket,Matbutik,Pingstvägen,,59.3010865,18.0032136,Midsommarkransen,Hägersten-Älvsjö
STC,fitness_centre,Gym/Utomhusgym,Örnsbergsvägen,,59.3052207,17.9890893,Aspudden,Hägersten-Älvsjö
Studio Mimundo,tattoo,,Kabelverksgatan,48,59.2826737,18.0007297,Älvsjö,Hägersten-Älvsjö
Gym/Utomhusgym,fitness_station,Gym/Utomhusgym,Doktor Widerströms Gata,,59.2881437,17.9585985,Fruängen,Hägersten-Älvsjö
Gym/Utomhusgym,fitness_station,Gym/Utomhusgym,Vantörsvägen,,59.282748,17.9632351,Fruängen,Hägersten-Älvsjö
Apotek Hjärtat,pharmacy,Apotek,Fruängsgången,5,59.2855373,17.9641768,Fruängen,Hägersten-Älvsjö
Circle K,fuel,Bensinmack,Varuvägen,2,59.2718312,18.0095316,Älvsjö,Hägersten-Älvsjö
Gym/Utomhusgym,fitness_station,Gym/Utomhusgym,Sedelvägen,,59.2979322,17.9864008,Hägerstensåsen,Hägersten-Älvsjö
Älvsjö Centrum Vårdcentral,doctor,Vårdcentral,Älvsjö Stationsgata,,59.2780408,18.0085476,Älvsjö,Hägersten-Älvsjö
Midoris,restaurant,Restaurang & Snabbmat,Sjövikskajen,,59.3058102,18.0367235,Liljeholmen,Hägersten-Älvsjö
Thai Wok Orkidé,restaurant,Restaurang & Snabbmat,Bäckvägen,80,59.3022428,17.9935758,Midsommarkransen,Hägersten-Älvsjö
Gymmet,fitness_centre,Gym/Utomhusgym,Årsta Hamnväg,,59.3084472,18.0268805,Liljeholmen,Hägersten-Älvsjö
Ponte & Simone,restaurant,Restaurang & Snabbmat,Sjövikskajen,,59.3060783,18.0356973,Liljeholmen,Hägersten-Älvsjö
3Sixty,restaurant,Restaurang & Snabbmat,Sjövikskajen,,59.3061695,18.0351583,Liljeholmen,Hägersten-Älvsjö
Färgfabrikens Kafé,restaurant,Restaurang & Snabbmat,Lövholmsbrinken,,59.3153217,18.0193396,Liljeholmen,Hägersten-Älvsjö
STC,fitness_centre,Gym/Utomhusgym,Johan Skyttes Väg,,59.2778284,18.0031991,Liseberg,Hägersten-Älvsjö
Konstfack bibliotek,library,Bibliotek,LM Ericssons Väg,,59.2998873,17.9941863,Midsommarkransen,Hägersten-Älvsjö
Pizzeria Delize,fast_food,Restaurang & Snabbmat,Skridskovägen,,59.2939651,17.9768288,Västertorp,Hägersten-Älvsjö
Piatto Fresco,restaurant,Restaurang & Snabbmat,Årsta Skolgränd,10,59.3015269,18.0297314,Liljeholmen,Hägersten-Älvsjö
Lulu,restaurant,Restaurang & Snabbmat,Tellusborgsvägen,77A,59.2979966,18.0023627,Västberga,Hägersten-Älvsjö
Skin Team,doctor,Vårdcentral,Fruängsgatan,,59.2846062,17.9604355,Fruängen,Hägersten-Älvsjö
My Favorit Grill,restaurant,Restaurang & Snabbmat,Doktor Widerströms Gata,,59.2853426,17.95617,Fruängen,Hägersten-Älvsjö
Fruängens Trafikskola,driving_school,Trafikskola,Fruängsgatan,,59.284921,17.961645,Fruängen,Hägersten-Älvsjö
Sushi & Poke,restaurant,Restaurang & Snabbmat,Vantörsvägen,,59.2861904,17.9532279,Fruängen,Hägersten-Älvsjö
Il Forno,restaurant,Restaurang & Snabbmat,Vantörsvägen,,59.2863117,17.9507629,Fruängen,Hägersten-Älvsjö
STC,fitness_centre,Gym/Utomhusgym,Vantörsvägen,,59.2864995,17.9537332,Fruängen,Hägersten-Älvsjö
Grill&Wok Stugan,restaurant,Restaurang & Snabbmat,Varuvägen,,59.2717762,18.0071086,Älvsjö,Hägersten-Älvsjö
Sushi Kawa,restaurant,Restaurang & Snabbmat,Fruängstorget,6,59.2858028,17.9638267,Fruängen,Hägersten-Älvsjö
Nordic Wellness,fitness_centre,Gym/Utomhusgym,Elsa Brändströms Gata,,59.2868351,17.9640998,Fruängen,Hägersten-Älvsjö
Fruängens Tandläkare,dentist,Tandläkare,Elsa Brändströms Gata,,59.2884181,17.9629296,Fruängen,Hägersten-Älvsjö
Fruängstandläkarna,dentist,Tandläkare,Elsa Brändströms Gata,,59.2882672,17.9630587,Fruängen,Hägersten-Älvsjö
Fruängens Familjetandvård,dentist,Tandläkare,Hanna Paulis Gata,,59.2867241,17.9635245,Fruängen,Hägersten-Älvsjö
Babas,fast_food,Restaurang & Snabbmat,Fruängstorget,6,59.2857997,17.9639333,Fruängen,Hägersten-Älvsjö
Fruängen Dental,dentist,Tandläkare,Fruängsgången,,59.285451,17.9637336,Fruängen,Hägersten-Älvsjö
Home Food,restaurant,Restaurang & Snabbmat,Fruängsplan,,59.2859601,17.9652138,Fruängen,Hägersten-Älvsjö
Folktandvården,dentist,Tandläkare,Västertorpsplan,,59.2925671,17.9689012,Västertorp,Hägersten-Älvsjö
Surdegspizza,restaurant,Restaurang & Snabbmat,Vasaloppsvägen,,59.2937752,17.9655439,Västertorp,Hägersten-Älvsjö
Västertorps Hjärta,restaurant,Restaurang & Snabbmat,Störtloppsvägen,30,59.2936722,17.9672747,Västertorp,Hägersten-Älvsjö
Vår Pizza,restaurant,Restaurang & Snabbmat,Västertorpsplan,,59.2924658,17.9689861,Västertorp,Hägersten-Älvsjö
Samtal Dental,dentist,Tandläkare,Jordkabelgatan,2,59.2822406,18.0020749,Älvsjö,Hägersten-Älvsjö
Goal Vision Dream,fitness_centre,Gym/Utomhusgym,Kabelverksgatan,,59.282684,18.0013459,Älvsjö,Hägersten-Älvsjö
Maritza Fixar,doctor,Vårdcentral,Götalandsvägen,,59.2802531,18.0130392,Älvsjö,Hägersten-Älvsjö
Älvsjö Tandvård,dentist,Tandläkare,Prästgårdsgränd,,59.280285,18.0112353,Älvsjö,Hägersten-Älvsjö
STC,fitness_centre,Gym/Utomhusgym,Götalandsvägen,,59.279558,18.0106482,Älvsjö,Hägersten-Älvsjö
The Garden,restaurant,Restaurang & Snabbmat,Mässvägen,1,59.2767476,18.0113337,Liseberg,Hägersten-Älvsjö
Ichiban,restaurant,Restaurang & Snabbmat,Skridskovägen,,59.2940655,17.9767838,Västertorp,Hägersten-Älvsjö
Axelsbergs Tandläkarna,dentist,Tandläkare,Selmedalsvägen,42;44;46,59.3046899,17.9740205,Hägersten,Hägersten-Älvsjö
Cachay,cafe,Kafé,Skridskovägen,,59.2940156,17.976807,Västertorp,Hägersten-Älvsjö
Tang Ji,restaurant,Restaurang & Snabbmat,Axelsbergs Torg,2,59.3042013,17.9748353,Hägersten,Hägersten-Älvsjö
Tandläkare,dentist,Tandläkare,Hägerstensvägen,,59.3009479,17.9580862,Hägersten,Hägersten-Älvsjö
Brödernas,restaurant,Restaurang & Snabbmat,Brådstupsvägen,,59.3041131,17.9589797,Hägersten,Hägersten-Älvsjö
Catarina,restaurant,Restaurang & Snabbmat,Sparbanksvägen,,59.2951096,17.9838697,Hägerstensåsen,Hägersten-Älvsjö
Topoli,restaurant,Restaurang & Snabbmat,Korpmossevägen,,59.2910859,17.9904856,Västberga,Hägersten-Älvsjö
Holy Kebab,restaurant,Restaurang & Snabbmat,Telefonplan,2,59.2990773,17.9955577,Midsommarkransen,Hägersten-Älvsjö
Texas Longhorn,restaurant,Restaurang & Snabbmat,Telefonplan,2,59.2990535,17.9950864,Midsommarkransen,Hägersten-Älvsjö
Brödernas,restaurant,Restaurang & Snabbmat,LM Ericssons Väg,,59.2990343,17.9952838,Midsommarkransen,Hägersten-Älvsjö
Gigis Hörna,restaurant,Restaurang & Snabbmat,Tellusgången,,59.2987978,17.9896584,Midsommarkransen,Hägersten-Älvsjö
Nataljas Medicinska Fotvård,doctor,Vårdcentral,Midsommarvägen,,59.2995544,18.0046911,Midsommarkransen,Hägersten-Älvsjö
Skog,fitness_centre,Gym/Utomhusgym,Tellusborgsvägen,,59.2992941,18.0038141,Västberga,Hägersten-Älvsjö
Mitt Gym,fitness_centre,Gym/Utomhusgym,Tellusborgsvägen,,59.2987718,18.0020897,Västberga,Hägersten-Älvsjö
stc,fitness_centre,Gym/Utomhusgym,Midsommargränd,,59.2989891,18.0036417,Västberga,Hägersten-Älvsjö
Noli Deli,restaurant,Restaurang & Snabbmat,Midsommarparken,,59.3012561,18.0120163,Midsommarkransen,Hägersten-Älvsjö
Målarverkstadens Bistro,cafe,Kafé,Hägerstensvägen,,59.3054014,17.9937227,Aspudden,Hägersten-Älvsjö
Thurson & Engquist,dentist,Tandläkare,Botvidsgatan,,59.3060239,17.9982697,Aspudden,Hägersten-Älvsjö
Bara Yoga,fitness_centre,Gym/Utomhusgym,Schlytersvägen,,59.3067148,18.0003357,Aspudden,Hägersten-Älvsjö
STC,fitness_centre,Gym/Utomhusgym,Klacktorget,,59.2868632,18.0099703,Solberga,Hägersten-Älvsjö
Lokanta,restaurant,Restaurang & Snabbmat,Kristalltorget,,59.2899188,17.9989496,Solberga,Hägersten-Älvsjö
Restaurang & Snabbmat,restaurant,Restaurang & Snabbmat,Kristalltorget,,59.290128,17.9996432,Solberga,Hägersten-Älvsjö
Tandvård,dentist,Tandläkare,Örby Slottsväg,,59.2802409,18.0337115,Örby slott,Hägersten-Älvsjö
Hägerstens trafikskola,driving_school,Trafikskola,Hägerstensvägen,,59.3058983,18.0076915,Aspudden,Hägersten-Älvsjö
Kim Ban Ban,restaurant,Restaurang & Snabbmat,Nybohovsbacken,,59.3095202,18.021603,Liljeholmen,Hägersten-Älvsjö
Gym/Utomhusgym,fitness_station,Gym/Utomhusgym,Tellusborgsvägen,,59.3004082,18.0045074,Midsommarkransen,Hägersten-Älvsjö
Johan Skytteskolans utegym,fitness_centre,Gym/Utomhusgym,Västerängsvägen,21,59.277314,17.9829224,Älvsjö,Hägersten-Älvsjö
Dentalisterna,dentist,Tandläkare,Liljeholmsvägen,,59.3118095,18.024004,Liljeholmen,Hägersten-Älvsjö
Thelins konditori,cafe,Kafé,Gröndalsvägen,,59.3154302,18.0013803,Gröndal,Hägersten-Älvsjö
Beirut Lounge,restaurant,Restaurang & Snabbmat,Fruängstorget,6,59.2857974,17.9640318,Fruängen,Hägersten-Älvsjö
Café Nero,cafe,Kafé,Liljeholmstorget,,59.3097814,18.022905,Liljeholmen,Hägersten-Älvsjö
Il Forno,restaurant,Restaurang & Snabbmat,Liljeholmstorget,,59.309555,18.0220841,Liljeholmen,Hägersten-Älvsjö
Kebab-ish,restaurant,Restaurang & Snabbmat,Liljeholmstorget,,59.3097263,18.022769,Liljeholmen,Hägersten-Älvsjö
Naked fish,restaurant,Restaurang & Snabbmat,Fågeltorget,,59.3055101,17.9931902,Aspudden,Hägersten-Älvsjö
La Casa de Planka,restaurant,Restaurang & Snabbmat,Klockhusgränd,1A,59.2810236,18.0003712,Liseberg,Hägersten-Älvsjö
Magic Masala,restaurant,Restaurang & Snabbmat,Nioörtsvägen,24,59.3015599,18.016121,Midsommarkransen,Hägersten-Älvsjö
Midsommarkransens trafikskola,driving_school,Trafikskola,Tegelbruksvägen,8,59.3025534,18.014335,Midsommarkransen,Hägersten-Älvsjö
Smash N Grab,fast_food,Restaurang & Snabbmat,Fredsborgsgatan,,59.3059707,18.0303074,Liljeholmen,Hägersten-Älvsjö
Kringelgården Kransen,cafe,Kafé,Radiusbacken,,59.2985575,18.0029163,Västberga,Hägersten-Älvsjö
Lisebergs vårdcentral,doctor,Vårdcentral,Annebodavägen,4-6,59.2848365,18.0303853,Älvsjö,Hägersten-Älvsjö
Lekplats,playground,Lekplats,Pingstvägen,,59.301087,17.9937606,Midsommarkransen,Hägersten-Älvsjö
Lugnet,playground,Lekplats,Terrängvägen,,59.2942412,17.9700555,Västertorp,Hägersten-Älvsjö
Kristallparken,playground,Lekplats,Sulvägen,,59.2871487,18.0034603,Solberga,Hägersten-Älvsjö
Lekplats,playground,Lekplats,Elsa Borgs Gata,,59.2828065,17.9659617,Fruängen,Hägersten-Älvsjö
Lekplatsen Solhatten,playground,Lekplats,Elsa Borgs Gata,,59.283478,17.9673044,Fruängen,Hägersten-Älvsjö
Lekplats,playground,Lekplats,Fruängsgatan,,59.284193,17.9681413,Fruängen,Hägersten-Älvsjö
Lekplats,playground,Lekplats,Lina Sandells Plan,,59.2837588,17.9601189,Fruängen,Hägersten-Älvsjö
Lekplats,playground,Lekplats,Lina Sandells Plan,,59.2845656,17.9610146,Fruängen,Hägersten-Älvsjö
Pizzeria Lugano,restaurant,Restaurang & Snabbmat,Fredrika Bremers Gata,63,59.2835794,17.970829,Fruängen,Hägersten-Älvsjö
Lekplats,playground,Lekplats,Elin Wägners Gata,,59.2852541,17.9726617,Fruängen,Hägersten-Älvsjö
Lekplats,playground,Lekplats,Elin Wägners Gata,,59.2859825,17.9710023,Fruängen,Hägersten-Älvsjö
Lekplats,playground,Lekplats,Elin Wägners Gata,,59.2844173,17.9718698,Fruängen,Hägersten-Älvsjö
Lekplats,playground,Lekplats,Ellen Keys Gata,,59.2882191,17.9662852,Fruängen,Hägersten-Älvsjö
Lekplats,playground,Lekplats,Fredrika Bremers Gata,,59.2871324,17.9714389,Fruängen,Hägersten-Älvsjö
Lekplats,playground,Lekplats,Hanna Paulis Gata,,59.2876557,17.9618021,Fruängen,Hägersten-Älvsjö
Lekplats,playground,Lekplats,Hanna Paulis Gata,,59.2867196,17.9629663,Fruängen,Hägersten-Älvsjö
Lekplats,playground,Lekplats,Hanna Paulis Gata,,59.2871711,17.9619961,Fruängen,Hägersten-Älvsjö
Parkleken Vippan,playground,Lekplats,Elin Wägners Gata,,59.2868424,17.9696987,Fruängen,Hägersten-Älvsjö
Lekplats,playground,Lekplats,Eva Bonniers Gata,,59.2856931,17.9605601,Fruängen,Hägersten-Älvsjö
Lekplats,playground,Lekplats,Doktor Widerströms Gata,,59.2850186,17.9588585,Fruängen,Hägersten-Älvsjö
Hamburgarprinsen,fast_food,Restaurang & Snabbmat,Doktor Widerströms Gata,,59.2853476,17.9561503,Fruängen,Hägersten-Älvsjö
Lekplats,playground,Lekplats,Doktor Widerströms Gata,,59.2871093,17.9581462,Fruängen,Hägersten-Älvsjö
Lekplats,playground,Lekplats,Doktor Widerströms Gata,,59.2864981,17.9574888,Fruängen,Hägersten-Älvsjö
Storhagen,playground,Lekplats,Herrängsvägen,,59.2754336,17.9612046,Älvsjö,Hägersten-Älvsjö
Fruktparken,playground,Lekplats,Liljeholmsgränd,,59.3110715,18.022184,Liljeholmen,Hägersten-Älvsjö
Tre kungars lund,playground,Lekplats,Tre kungars lund,,59.284972,18.0237632,Älvsjö,Hägersten-Älvsjö
Lidl,supermarket,Matbutik,Elisabeth Tamms Gata,2,59.285627,17.9544506,Fruängen,Hägersten-Älvsjö
Coop Mälarhöjden,supermarket,Matbutik,Hägerstensvägen,331,59.3013291,17.9573872,Hägersten,Hägersten-Älvsjö
Lekplats,playground,Lekplats,Fem Fålars Brunn,,59.2847863,18.0268878,Älvsjö,Hägersten-Älvsjö
Lekplats,playground,Lekplats,Mickelsbergsvägen,,59.2866784,17.975077,Fruängen,Hägersten-Älvsjö
Långbro värdshus,restaurant,Restaurang & Snabbmat,Stora Mans väg,4,59.282823,17.9708426,Älvsjö,Hägersten-Älvsjö
Arkenparken,playground,Lekplats,Torsslowsbacken,,59.3062412,17.9769444,Hägersten,Hägersten-Älvsjö
Lekplats,playground,Lekplats,Mästarbacken,,59.2981977,17.9431737,Mälarhöjden,Hägersten-Älvsjö
Johannisdalsparken,playground,Lekplats,Sankt Mickelsgatan,,59.2964066,17.957966,Mälarhöjden,Hägersten-Älvsjö
Pandaparken,playground,Lekplats,Nybohovsgränd,,59.3076543,18.0177308,Liljeholmen,Hägersten-Älvsjö
Schlytersparken,playground,Lekplats,Schlytersvägen,,59.3067827,18.0073509,Aspudden,Hägersten-Älvsjö
Parklek Sjörövarparken,playground,Lekplats,Smaragdstigen,,59.2814003,18.008867,Solberga,Hägersten-Älvsjö
Apelsinen,playground,Lekplats,Apelsinstigen,,59.2839465,18.0145002,Solberga,Hägersten-Älvsjö
Lekplats,playground,Lekplats,Pilgrimsvägen,,59.3051419,18.0026426,Aspudden,Hägersten-Älvsjö
Lekplats,playground,Lekplats,Näbbskostigen,,59.2883133,18.014647,Solberga,Hägersten-Älvsjö
Gunnars Pizzeria,fast_food,Restaurang & Snabbmat,Herrängsvägen,,59.2757484,17.9612266,Älvsjö,Hägersten-Älvsjö
Klämman,playground,Lekplats,Sylvestergatan,,59.2864615,18.0287083,Älvsjö,Hägersten-Älvsjö
Park Folkets Hus,cinema,Biograf,Götalandsvägen,181,59.2831582,18.0272566,Liseberg,Hägersten-Älvsjö
Eolshälls 4 H-gård,cafe,Kafé,Eolshällsvägen,10,59.3078856,17.9694819,Hägersten,Hägersten-Älvsjö
Lekplats,playground,Lekplats,Ekensbergsvägen,,59.3156447,17.9932308,Gröndal,Hägersten-Älvsjö
Lekplats,playground,Lekplats,Gröndalsvägen,,59.3153829,18.0092357,Gröndal,Hägersten-Älvsjö
Lekplats,playground,Lekplats,Örnbacken,,59.30927,17.9876444,Aspudden,Hägersten-Älvsjö
Lekplats,playground,Lekplats,Selmedalsvägen,,59.3049254,17.9733691,Hägersten,Hägersten-Älvsjö
Lekplats,playground,Lekplats,Selmedalsvägen,,59.3047878,17.9700238,Hägersten,Hägersten-Älvsjö
Lekplats,playground,Lekplats,Selmedalsvägen,,59.3048481,17.9711576,Hägersten,Hägersten-Älvsjö
Lekplats,playground,Lekplats,Selmedalsvägen,,59.3048825,17.9722869,Hägersten,Hägersten-Älvsjö
Lekplats,playground,Lekplats,Gröndalsvägen,,59.3165046,18.0116344,Gröndal,Hägersten-Älvsjö
Lekplats,playground,Lekplats,Ekensbergsvägen,,59.3161037,17.9924057,Gröndal,Hägersten-Älvsjö
Lekplats,playground,Lekplats,Juvelerarvägen,,59.2879036,17.9934344,Solberga,Hägersten-Älvsjö
Lekplats,playground,Lekplats,Smyckegränd,,59.2863928,17.9960799,Solberga,Hägersten-Älvsjö
Lekplats,playground,Lekplats,Korpmossevägen,,59.2947442,17.9896157,Västberga,Hägersten-Älvsjö
Lekplats,playground,Lekplats,Fregattvägen,,59.312684,18.0007917,Gröndal,Hägersten-Älvsjö
Lekplats,playground,Lekplats,Hövdingagatan,,59.3068798,17.9918246,Aspudden,Hägersten-Älvsjö
Lekplats,playground,Lekplats,Botvidsgatan,,59.3062938,17.9992611,Aspudden,Hägersten-Älvsjö
Lekplats,playground,Lekplats,Hägerstensvägen,,59.3054169,17.9914834,Aspudden,Hägersten-Älvsjö
Lekplats,playground,Lekplats,Hägerstensvägen,,59.3052971,17.9901362,Aspudden,Hägersten-Älvsjö
Lekplats,playground,Lekplats,Hägerstensvägen,,59.3053371,17.990788,Aspudden,Hägersten-Älvsjö
Lekplats,playground,Lekplats,Örnsbergsvägen,,59.3057595,17.9890531,Aspudden,Hägersten-Älvsjö
Lekplats,playground,Lekplats,Mellanbergsvägen,,59.2910102,17.9896217,Västberga,Hägersten-Älvsjö
Lekplats,playground,Lekplats,Räfsestigen,,59.2857402,17.9818039,Älvsjö,Hägersten-Älvsjö
Lekplats,playground,Lekplats,Karossvägen,,59.2859727,17.981471,Älvsjö,Hägersten-Älvsjö
Daisy's express,fast_food,Restaurang & Snabbmat,Elektravägen,32,59.2952544,18.0109716,Västberga,Hägersten-Älvsjö
Café Uddvillan,cafe,Kafé,Klubbensborgsvägen,27,59.3076706,17.9584891,Hägersten,Hägersten-Älvsjö
Lekplats,playground,Lekplats,Skidskyttevägen,,59.2910129,17.9712767,Västertorp,Hägersten-Älvsjö
Lekplats,playground,Lekplats,Sigfridsvägen,,59.3089453,18.0063838,Aspudden,Hägersten-Älvsjö
Lekplats,playground,Lekplats,Örnbacken,,59.3095221,17.9900789,Aspudden,Hägersten-Älvsjö
Lekplats,playground,Lekplats,Ekensbergsvägen,,59.3147349,17.9899842,Gröndal,Hägersten-Älvsjö
Båtparken,playground,Lekplats,Sedelvägen,,59.2952972,17.9817846,Hägerstensåsen,Hägersten-Älvsjö
Lekplats,playground,Lekplats,Dymlingsgränd,,59.290627,17.9862774,Hägerstensåsen,Hägersten-Älvsjö
Lekplats,playground,Lekplats,Tomträttsvägen,,59.2941919,17.9833147,Hägerstensåsen,Hägersten-Älvsjö
Lekplats,playground,Lekplats,Gröndalsvägen,,59.3141693,17.9905113,Gröndal,Hägersten-Älvsjö
Gym/Utomhusgym,fitness_station,Gym/Utomhusgym,Älvsjöskogens elljusspår,,59.2650237,17.9966321,Långsjö,Hägersten-Älvsjö
Lekplats,playground,Lekplats,Gösta Ekmans väg,,59.3028637,17.9818054,Hägersten,Hägersten-Älvsjö
Långbro bakficka,cafe,Kafé,Stora Kvinns Väg,,59.2818034,17.9715299,Älvsjö,Hägersten-Älvsjö
Lekplats,playground,Lekplats,Korpmossevägen,,59.292797,17.9894293,Västberga,Hägersten-Älvsjö
Lekplats,playground,Lekplats,Gösta Ekmans väg,,59.3034228,17.9845761,Hägersten,Hägersten-Älvsjö
Lekplats,playground,Lekplats,Piruettvägen,,59.2935954,17.9785477,Hägerstensåsen,Hägersten-Älvsjö
Lekplats,playground,Lekplats,Hägerstensvägen,,59.3056737,17.9940364,Aspudden,Hägersten-Älvsjö
Lekplats,playground,Lekplats,Tordyvelvägen,,59.276096,17.9845351,Älvsjö,Hägersten-Älvsjö
Lekplats,playground,Lekplats,Konvaljestigen,,59.2758612,17.9704502,Älvsjö,Hägersten-Älvsjö
Lekplats,playground,Lekplats,Cedergrensvägen,,59.3025709,18.0028615,Midsommarkransen,Hägersten-Älvsjö
Gym/Utomhusgym,fitness_station,Gym/Utomhusgym,Personnevägen,,59.2912146,17.9814735,Hägerstensåsen,Hägersten-Älvsjö
Lekplats,playground,Lekplats,Dansbanevägen,,59.2955151,18.0091991,Västberga,Hägersten-Älvsjö
Lekplats,playground,Lekplats,Elektravägen,,59.2952243,18.0088472,Västberga,Hägersten-Älvsjö
Lekplats,playground,Lekplats,Elektravägen,,59.2947361,18.0084906,Västberga,Hägersten-Älvsjö
Tågparken,playground,Lekplats,Midsommarparken,,59.3010938,18.0124815,Midsommarkransen,Hägersten-Älvsjö
Lekplats,playground,Lekplats,Aspuddsstigen,,59.3083414,17.9951682,Aspudden,Hägersten-Älvsjö
Lekplats,playground,Lekplats,Aspuddsstigen,,59.3086413,17.9958374,Aspudden,Hägersten-Älvsjö
Lekplats,playground,Lekplats,Torsten Almsstigen,,59.3085675,17.9942743,Aspudden,Hägersten-Älvsjö
Lekplats,playground,Lekplats,Örnbacken,,59.3093412,17.9885182,Aspudden,Hägersten-Älvsjö
Lekplats,playground,Lekplats,Torsten Alms Gata,,59.3091886,17.9862516,Aspudden,Hägersten-Älvsjö
Lekplats,playground,Lekplats,Sigurd Rings Gata,,59.3093829,17.9928607,Aspudden,Hägersten-Älvsjö
Lekplats,playground,Lekplats,Hägerstensvägen,,59.3040874,17.9826483,Hägersten,Hägersten-Älvsjö
Lekplats,playground,Lekplats,Gösta Ekmans väg,,59.3034249,17.9796788,Hägersten,Hägersten-Älvsjö
Lekplats,playground,Lekplats,Terrängvägen,,59.2940854,17.9693965,Västertorp,Hägersten-Älvsjö
Lekplats,playground,Lekplats,Terrängvägen,,59.2943289,17.9701766,Västertorp,Hägersten-Älvsjö
Lekplats,playground,Lekplats,Terrängvägen,,59.2939612,17.9700842,Västertorp,Hägersten-Älvsjö
Lekplats,playground,Lekplats,Standarvägen,,59.2765852,18.0036235,Liseberg,Hägersten-Älvsjö
Lekplats,playground,Lekplats,Styrbjörnsvägen,,59.3099007,18.0005078,Aspudden,Hägersten-Älvsjö
Lekplats,playground,Lekplats,Nybodaringen,,59.3048544,18.0256745,Liljeholmen,Hägersten-Älvsjö
Lekplats,playground,Lekplats,Nybodaringen,,59.304753,18.024029,Liljeholmen,Hägersten-Älvsjö
Lekplats,playground,Lekplats,Trekantsstranden,,59.3136884,18.0161082,Liljeholmen,Hägersten-Älvsjö
Lekplats,playground,Lekplats,Hildebergsvägen,,59.3028169,18.0283699,Liljeholmen,Hägersten-Älvsjö
Lekplats,playground,Lekplats,Klensmedsvägen,6,59.2952499,17.9986178,Västberga,Hägersten-Älvsjö
Lekplats,playground,Lekplats,Ellen Fries Gata,,59.2882923,17.9716815,Fruängen,Hägersten-Älvsjö
Lekplats,playground,Lekplats,Elsa Brändströms Gata,,59.2879084,17.9774308,Fruängen,Hägersten-Älvsjö
Lekplats,playground,Lekplats,Elsa Brändströms Gata,,59.2879344,17.9734759,Fruängen,Hägersten-Älvsjö
Lekplats,playground,Lekplats,Backvindeln,,59.297713,17.946049,Mälarhöjden,Hägersten-Älvsjö
Lekplats,playground,Lekplats,Backvindeln,,59.2982176,17.9476918,Mälarhöjden,Hägersten-Älvsjö
Lekplats,playground,Lekplats,Hildebergsvägen,,59.3038312,18.0278501,Liljeholmen,Hägersten-Älvsjö
Lekplats,playground,Lekplats,Sturehillsvägen,,59.3035153,18.0318319,Liljeholmen,Hägersten-Älvsjö
Lekplats,playground,Lekplats,Sjöviksbacken,,59.3045217,18.0288372,Liljeholmen,Hägersten-Älvsjö
Lekplats,playground,Lekplats,Nybohovsbacken,,59.3072373,18.0149026,Liljeholmen,Hägersten-Älvsjö
Lekplats,playground,Lekplats,Nybohovsbacken,,59.3094402,18.0136908,Liljeholmen,Hägersten-Älvsjö
Lekplats,playground,Lekplats,Sjöviksvägen,,59.305502,18.0373301,Liljeholmen,Hägersten-Älvsjö
Lekplats,playground,Lekplats,Terrängvägen,,59.2920811,17.9634116,Västertorp,Hägersten-Älvsjö
Lekplats,playground,Lekplats,Terrängvägen,,59.2915282,17.9647205,Västertorp,Hägersten-Älvsjö
Lekplats,playground,Lekplats,Terrängvägen,,59.2923007,17.9646263,Västertorp,Hägersten-Älvsjö
Lekplats,playground,Lekplats,Domargränd,,59.2921334,17.9667836,Västertorp,Hägersten-Älvsjö
Lekplats,playground,Lekplats,Vasaloppsvägen,,59.2936644,17.9661966,Västertorp,Hägersten-Älvsjö
Lekplats,playground,Lekplats,,,59.2935138,17.9633416,Västertorp,Hägersten-Älvsjö
Lekplats,playground,Lekplats,Vasaloppsvägen,,59.2927394,17.9624268,Västertorp,Hägersten-Älvsjö
Lekplats,playground,Lekplats,Isgränd,,59.291388,17.9680901,Västertorp,Hägersten-Älvsjö
Lekplats,playground,Lekplats,Västertorpsvägen,,59.2905198,17.9684915,Västertorp,Hägersten-Älvsjö
Lekplats,playground,Lekplats,Klensmedsvägen,4,59.2951395,17.9995557,Västberga,Hägersten-Älvsjö
Lekplats,playground,Lekplats,Sturehillsvägen,,59.3026556,18.0308653,Liljeholmen,Hägersten-Älvsjö
Lekplats,playground,Lekplats,Fregattvägen,,59.3129195,18.0010809,Gröndal,Hägersten-Älvsjö
Lekplats,playground,Lekplats,Nybodaringen,,59.3049968,18.0255274,Liljeholmen,Hägersten-Älvsjö
Lekplats,playground,Lekplats,Årsta Skolgränd,,59.302216,18.031414,Liljeholmen,Hägersten-Älvsjö
Lekplats,playground,Lekplats,Sjöviksbacken,,59.3047207,18.0301015,Liljeholmen,Hägersten-Älvsjö
Lekplats,playground,Lekplats,Sannadalsvägen,,59.3146938,18.0132614,Gröndal,Hägersten-Älvsjö
Lekplats,playground,Lekplats,Ljusstöparbacken,,59.3141886,18.0107816,Gröndal,Hägersten-Älvsjö
Mastparken,playground,Lekplats,Bryggvägen,,59.3158526,17.9982854,Gröndal,Hägersten-Älvsjö
Sannadalsparkens utegym,fitness_station,Gym/Utomhusgym,Gröndalsvägen,,59.3150089,18.0085257,Gröndal,Hägersten-Älvsjö
Lekplats,playground,Lekplats,Gröndalsvägen,,59.3150309,17.9861643,Gröndal,Hägersten-Älvsjö
Liljeholmens utegym,fitness_station,Gym/Utomhusgym,Liljeholmsgränd,,59.3106174,18.0205876,Liljeholmen,Hägersten-Älvsjö
Lekplats,playground,Lekplats,Gröndalsvägen,,59.3152632,17.9894619,Gröndal,Hägersten-Älvsjö
Lekplats,playground,Lekplats,Gröndalsvägen,,59.3152142,17.9885647,Gröndal,Hägersten-Älvsjö
Lekplats,playground,Lekplats,Svartlösavägen,,59.2737193,17.9776202,Älvsjö,Hägersten-Älvsjö
Fågelparken,playground,Lekplats,Aspuddsstigen,,59.3080827,17.9841934,Aspudden,Hägersten-Älvsjö
Lekplats,playground,Lekplats,Mästarbacken,,59.2986681,17.9437829,Mälarhöjden,Hägersten-Älvsjö
Lekplats,playground,Lekplats,Sturehillsvägen,,59.3027555,18.0315241,Liljeholmen,Hägersten-Älvsjö
Lekplats,playground,Lekplats,Sjövikstorget,,59.307854,18.029127,Liljeholmen,Hägersten-Älvsjö
Blixtparken,playground,Lekplats,Nybohovsbacken,,59.309063,18.0179701,Liljeholmen,Hägersten-Älvsjö
Lekplats,playground,Lekplats,Oktobergatan,,59.3016053,18.0058844,Midsommarkransen,Hägersten-Älvsjö
Lekplats,playground,Lekplats,Vattenledningsvägen,,59.3006608,18.0050278,Midsommarkransen,Hägersten-Älvsjö
Lekplats,playground,Lekplats,Tellusborgsvägen,,59.3015448,18.0054177,Midsommarkransen,Hägersten-Älvsjö
Midsommarköket,cafe,Kafé,Tellusborgsvägen,,59.3008355,18.004508,Midsommarkransen,Hägersten-Älvsjö
Lekplats,playground,Lekplats,Sylvestergatan,,59.2874314,18.0276342,Älvsjö,Hägersten-Älvsjö
Lekplats,playground,Lekplats,Mälsåkersvägen,,59.2805162,18.0286972,Örby slott,Hägersten-Älvsjö
Lekplats,playground,Lekplats,Rävsnäsvägen,,59.2800356,18.0270507,Örby slott,Hägersten-Älvsjö
Lekplats,playground,Lekplats,Vattenledningsvägen,,59.3022227,18.0079737,Midsommarkransen,Hägersten-Älvsjö
Lekplats,playground,Lekplats,Sjöviksvägen,,59.305432,18.0365934,Liljeholmen,Hägersten-Älvsjö
Lekplats,playground,Lekplats,Sjöviksvägen,,59.3056007,18.0368085,Liljeholmen,Hägersten-Älvsjö
Utegym,fitness_station,Gym/Utomhusgym,Vinterviksvägen,,59.3117506,18.0025198,Gröndal,Hägersten-Älvsjö
Lekplatsen Ada Nilsson,playground,Lekplats,Ada Nilssons gata,,59.2844051,17.9560886,Fruängen,Hägersten-Älvsjö
Lekplats,playground,Lekplats,Ada Nilssons gata,,59.2836804,17.9566138,Fruängen,Hägersten-Älvsjö
Lekplats,playground,Lekplats,Liljeholmsgränd,,59.3110246,18.0225364,Liljeholmen,Hägersten-Älvsjö
Lekplats,playground,Lekplats,Cedergrensvägen,,59.302719,18.002662,Midsommarkransen,Hägersten-Älvsjö
Lekplats,playground,Lekplats,Cedergrensvägen,,59.3028075,18.0027238,Midsommarkransen,Hägersten-Älvsjö
Lekplats,playground,Lekplats,Cedergrensvägen,,59.3028772,18.0028384,Midsommarkransen,Hägersten-Älvsjö
Lekplats,playground,Lekplats,Selmedalsringen,,59.3069467,17.9792219,Hägersten,Hägersten-Älvsjö
Lekplats,playground,Lekplats,Katrinebergsbacken,,59.3117019,18.0269593,Liljeholmen,Hägersten-Älvsjö
Lekplats,playground,Lekplats,Katrinebergsbacken,,59.3115473,18.0263545,Liljeholmen,Hägersten-Älvsjö
Lekplats,playground,Lekplats,Glasbjörksvägen,,59.278695,17.9801065,Älvsjö,Hägersten-Älvsjö
Lekplats,playground,Lekplats,Karin Boyes gata,,59.2806896,17.9583986,Fruängen,Hägersten-Älvsjö
Lekplats,playground,Lekplats,Stövelvägen,,59.2867138,18.0079936,Solberga,Hägersten-Älvsjö
Lekplats,playground,Lekplats,Herbariegränd,,59.3032761,18.0168782,Liljeholmen,Hägersten-Älvsjö
Lekplats,playground,Lekplats,Telefonvägen,,59.2994264,18.001098,Midsommarkransen,Hägersten-Älvsjö
Lekplats,playground,Lekplats,Personnevägen,,59.2914217,17.9808894,Hägerstensåsen,Hägersten-Älvsjö
Lekplats,playground,Lekplats,Hultgränd,,59.2824295,17.9751216,Älvsjö,Hägersten-Älvsjö
Lekplats,playground,Lekplats,Årstadalsinfarten,,59.3076001,18.0259084,Liljeholmen,Hägersten-Älvsjö
