Region,Statistikområde,Hushallstyp,ContentsCode,Tid,value
0180R001_RegSO2025,Abrahamsberg,sammanboende med barn,Antal hushåll,2024,300
0180R001_RegSO2025,Abrahamsberg,sammanboende utan barn,Antal hushåll,2024,322
0180R001_RegSO2025,Abrahamsberg,ensamstående med barn,Antal hushåll,2024,179
0180R001_RegSO2025,Abrahamsberg,ensamstående utan barn,Antal hushåll,2024,994
0180R001_RegSO2025,Abrahamsberg,övriga hushåll,Antal hushåll,2024,120
0180R001_RegSO2025,Abrahamsberg,totalt antal hushåll,Antal hushåll,2024,1915
0180R002_RegSO2025,Akalla,sammanboende med barn,Antal hushåll,2024,774
0180R002_RegSO2025,Akalla,sammanboende utan barn,Antal hushåll,2024,541
0180R002_RegSO2025,Akalla,ensamstående med barn,Antal hushåll,2024,379
0180R002_RegSO2025,Akalla,ensamstående utan barn,Antal hushåll,2024,1738
0180R002_RegSO2025,Akalla,övriga hushåll,Antal hushåll,2024,683
0180R002_RegSO2025,Akalla,totalt antal hushåll,Antal hushåll,2024,4115
0180R003_RegSO2025,Alvik,sammanboende med barn,Antal hushåll,2024,106
0180R003_RegSO2025,Alvik,sammanboende utan barn,Antal hushåll,2024,167
0180R003_RegSO2025,Alvik,ensamstående med barn,Antal hushåll,2024,61
0180R003_RegSO2025,Alvik,ensamstående utan barn,Antal hushåll,2024,553
0180R003_RegSO2025,Alvik,övriga hushåll,Antal hushåll,2024,28
0180R003_RegSO2025,Alvik,totalt antal hushåll,Antal hushåll,2024,915
0180R004_RegSO2025,Aspudden,sammanboende med barn,Antal hushåll,2024,854
0180R004_RegSO2025,Aspudden,sammanboende utan barn,Antal hushåll,2024,859
0180R004_RegSO2025,Aspudden,ensamstående med barn,Antal hushåll,2024,461
0180R004_RegSO2025,Aspudden,ensamstående utan barn,Antal hushåll,2024,2143
0180R004_RegSO2025,Aspudden,övriga hushåll,Antal hushåll,2024,305
0180R004_RegSO2025,Aspudden,totalt antal hushåll,Antal hushåll,2024,4622
0180R005_RegSO2025,Bagarmossen,sammanboende med barn,Antal hushåll,2024,1071
0180R005_RegSO2025,Bagarmossen,sammanboende utan barn,Antal hushåll,2024,786
0180R005_RegSO2025,Bagarmossen,ensamstående med barn,Antal hushåll,2024,672
0180R005_RegSO2025,Bagarmossen,ensamstående utan barn,Antal hushåll,2024,2600
0180R005_RegSO2025,Bagarmossen,övriga hushåll,Antal hushåll,2024,477
0180R005_RegSO2025,Bagarmossen,totalt antal hushåll,Antal hushåll,2024,5606
0180R006_RegSO2025,Bandhagen,sammanboende med barn,Antal hushåll,2024,597
0180R006_RegSO2025,Bandhagen,sammanboende utan barn,Antal hushåll,2024,739
0180R006_RegSO2025,Bandhagen,ensamstående med barn,Antal hushåll,2024,421
0180R006_RegSO2025,Bandhagen,ensamstående utan barn,Antal hushåll,2024,2152
0180R006_RegSO2025,Bandhagen,övriga hushåll,Antal hushåll,2024,390
0180R006_RegSO2025,Bandhagen,totalt antal hushåll,Antal hushåll,2024,4299
0180R007_RegSO2025,Beckomberga,sammanboende med barn,Antal hushåll,2024,681
0180R007_RegSO2025,Beckomberga,sammanboende utan barn,Antal hushåll,2024,452
0180R007_RegSO2025,Beckomberga,ensamstående med barn,Antal hushåll,2024,314
0180R007_RegSO2025,Beckomberga,ensamstående utan barn,Antal hushåll,2024,1065
0180R007_RegSO2025,Beckomberga,övriga hushåll,Antal hushåll,2024,136
0180R007_RegSO2025,Beckomberga,totalt antal hushåll,Antal hushåll,2024,2648
0180R008_RegSO2025,Björkhagen,sammanboende med barn,Antal hushåll,2024,630
0180R008_RegSO2025,Björkhagen,sammanboende utan barn,Antal hushåll,2024,708
0180R008_RegSO2025,Björkhagen,ensamstående med barn,Antal hushåll,2024,340
0180R008_RegSO2025,Björkhagen,ensamstående utan barn,Antal hushåll,2024,1681
0180R008_RegSO2025,Björkhagen,övriga hushåll,Antal hushåll,2024,208
0180R008_RegSO2025,Björkhagen,totalt antal hushåll,Antal hushåll,2024,3567
0180R009_RegSO2025,Blackeberg,sammanboende med barn,Antal hushåll,2024,726
0180R009_RegSO2025,Blackeberg,sammanboende utan barn,Antal hushåll,2024,725
0180R009_RegSO2025,Blackeberg,ensamstående med barn,Antal hushåll,2024,532
0180R009_RegSO2025,Blackeberg,ensamstående utan barn,Antal hushåll,2024,2551
0180R009_RegSO2025,Blackeberg,övriga hushåll,Antal hushåll,2024,293
0180R009_RegSO2025,Blackeberg,totalt antal hushåll,Antal hushåll,2024,4827
0180R010_RegSO2025,Bredäng,sammanboende med barn,Antal hushåll,2024,974
0180R010_RegSO2025,Bredäng,sammanboende utan barn,Antal hushåll,2024,655
0180R010_RegSO2025,Bredäng,ensamstående med barn,Antal hushåll,2024,537
0180R010_RegSO2025,Bredäng,ensamstående utan barn,Antal hushåll,2024,1858
0180R010_RegSO2025,Bredäng,övriga hushåll,Antal hushåll,2024,632
0180R010_RegSO2025,Bredäng,totalt antal hushåll,Antal hushåll,2024,4656
0180R011_RegSO2025,Bromma kyrka,sammanboende med barn,Antal hushåll,2024,446
0180R011_RegSO2025,Bromma kyrka,sammanboende utan barn,Antal hushåll,2024,192
0180R011_RegSO2025,Bromma kyrka,ensamstående med barn,Antal hushåll,2024,44
0180R011_RegSO2025,Bromma kyrka,ensamstående utan barn,Antal hushåll,2024,121
0180R011_RegSO2025,Bromma kyrka,övriga hushåll,Antal hushåll,2024,66
0180R011_RegSO2025,Bromma kyrka,totalt antal hushåll,Antal hushåll,2024,869
0180R012_RegSO2025,Bromsten,sammanboende med barn,Antal hushåll,2024,792
0180R012_RegSO2025,Bromsten,sammanboende utan barn,Antal hushåll,2024,586
0180R012_RegSO2025,Bromsten,ensamstående med barn,Antal hushåll,2024,317
0180R012_RegSO2025,Bromsten,ensamstående utan barn,Antal hushåll,2024,1085
0180R012_RegSO2025,Bromsten,övriga hushåll,Antal hushåll,2024,350
0180R012_RegSO2025,Bromsten,totalt antal hushåll,Antal hushåll,2024,3130
0180R013_RegSO2025,Bällsta,sammanboende med barn,Antal hushåll,2024,144
0180R013_RegSO2025,Bällsta,sammanboende utan barn,Antal hushåll,2024,58
0180R013_RegSO2025,Bällsta,ensamstående med barn,Antal hushåll,2024,14
0180R013_RegSO2025,Bällsta,ensamstående utan barn,Antal hushåll,2024,54
0180R013_RegSO2025,Bällsta,övriga hushåll,Antal hushåll,2024,17
0180R013_RegSO2025,Bällsta,totalt antal hushåll,Antal hushåll,2024,287
0180R014_RegSO2025,Djurgården,sammanboende med barn,Antal hushåll,2024,63
0180R014_RegSO2025,Djurgården,sammanboende utan barn,Antal hushåll,2024,96
0180R014_RegSO2025,Djurgården,ensamstående med barn,Antal hushåll,2024,34
0180R014_RegSO2025,Djurgården,ensamstående utan barn,Antal hushåll,2024,166
0180R014_RegSO2025,Djurgården,övriga hushåll,Antal hushåll,2024,34
0180R014_RegSO2025,Djurgården,totalt antal hushåll,Antal hushåll,2024,393
0180R015_RegSO2025,Eneby,sammanboende med barn,Antal hushåll,2024,154
0180R015_RegSO2025,Eneby,sammanboende utan barn,Antal hushåll,2024,59
0180R015_RegSO2025,Eneby,ensamstående med barn,Antal hushåll,2024,20
0180R015_RegSO2025,Eneby,ensamstående utan barn,Antal hushåll,2024,53
0180R015_RegSO2025,Eneby,övriga hushåll,Antal hushåll,2024,14
0180R015_RegSO2025,Eneby,totalt antal hushåll,Antal hushåll,2024,300
0180R016_RegSO2025,Engelbrekts kyrka,sammanboende med barn,Antal hushåll,2024,1194
0180R016_RegSO2025,Engelbrekts kyrka,sammanboende utan barn,Antal hushåll,2024,1596
0180R016_RegSO2025,Engelbrekts kyrka,ensamstående med barn,Antal hushåll,2024,362
0180R016_RegSO2025,Engelbrekts kyrka,ensamstående utan barn,Antal hushåll,2024,2429
0180R016_RegSO2025,Engelbrekts kyrka,övriga hushåll,Antal hushåll,2024,405
0180R016_RegSO2025,Engelbrekts kyrka,totalt antal hushåll,Antal hushåll,2024,5986
0180R017_RegSO2025,Enskede Gård,sammanboende med barn,Antal hushåll,2024,410
0180R017_RegSO2025,Enskede Gård,sammanboende utan barn,Antal hushåll,2024,279
0180R017_RegSO2025,Enskede Gård,ensamstående med barn,Antal hushåll,2024,110
0180R017_RegSO2025,Enskede Gård,ensamstående utan barn,Antal hushåll,2024,601
0180R017_RegSO2025,Enskede Gård,övriga hushåll,Antal hushåll,2024,104
0180R017_RegSO2025,Enskede Gård,totalt antal hushåll,Antal hushåll,2024,1504
0180R018_RegSO2025,Enskededalen,sammanboende med barn,Antal hushåll,2024,360
0180R018_RegSO2025,Enskededalen,sammanboende utan barn,Antal hushåll,2024,227
0180R018_RegSO2025,Enskededalen,ensamstående med barn,Antal hushåll,2024,78
0180R018_RegSO2025,Enskededalen,ensamstående utan barn,Antal hushåll,2024,386
0180R018_RegSO2025,Enskededalen,övriga hushåll,Antal hushåll,2024,64
0180R018_RegSO2025,Enskededalen,totalt antal hushåll,Antal hushåll,2024,1115
0180R019_RegSO2025,Enskedefältet,sammanboende med barn,Antal hushåll,2024,262
0180R019_RegSO2025,Enskedefältet,sammanboende utan barn,Antal hushåll,2024,156
0180R019_RegSO2025,Enskedefältet,ensamstående med barn,Antal hushåll,2024,85
0180R019_RegSO2025,Enskedefältet,ensamstående utan barn,Antal hushåll,2024,184
0180R019_RegSO2025,Enskedefältet,övriga hushåll,Antal hushåll,2024,61
0180R019_RegSO2025,Enskedefältet,totalt antal hushåll,Antal hushåll,2024,748
0180R020_RegSO2025,Fagersjö,sammanboende med barn,Antal hushåll,2024,269
0180R020_RegSO2025,Fagersjö,sammanboende utan barn,Antal hushåll,2024,146
0180R020_RegSO2025,Fagersjö,ensamstående med barn,Antal hushåll,2024,158
0180R020_RegSO2025,Fagersjö,ensamstående utan barn,Antal hushåll,2024,384
0180R020_RegSO2025,Fagersjö,övriga hushåll,Antal hushåll,2024,170
0180R020_RegSO2025,Fagersjö,totalt antal hushåll,Antal hushåll,2024,1127
0180R021_RegSO2025,Farsta,sammanboende med barn,Antal hushåll,2024,1483
0180R021_RegSO2025,Farsta,sammanboende utan barn,Antal hushåll,2024,1314
0180R021_RegSO2025,Farsta,ensamstående med barn,Antal hushåll,2024,846
0180R021_RegSO2025,Farsta,ensamstående utan barn,Antal hushåll,2024,3177
0180R021_RegSO2025,Farsta,övriga hushåll,Antal hushåll,2024,682
0180R021_RegSO2025,Farsta,totalt antal hushåll,Antal hushåll,2024,7502
0180R022_RegSO2025,Flysta,sammanboende med barn,Antal hushåll,2024,332
0180R022_RegSO2025,Flysta,sammanboende utan barn,Antal hushåll,2024,195
0180R022_RegSO2025,Flysta,ensamstående med barn,Antal hushåll,2024,58
0180R022_RegSO2025,Flysta,ensamstående utan barn,Antal hushåll,2024,182
0180R022_RegSO2025,Flysta,övriga hushåll,Antal hushåll,2024,72
0180R022_RegSO2025,Flysta,totalt antal hushåll,Antal hushåll,2024,839
0180R023_RegSO2025,Fredhäll,sammanboende med barn,Antal hushåll,2024,271
0180R023_RegSO2025,Fredhäll,sammanboende utan barn,Antal hushåll,2024,683
0180R023_RegSO2025,Fredhäll,ensamstående med barn,Antal hushåll,2024,178
0180R023_RegSO2025,Fredhäll,ensamstående utan barn,Antal hushåll,2024,2230
0180R023_RegSO2025,Fredhäll,övriga hushåll,Antal hushåll,2024,151
0180R023_RegSO2025,Fredhäll,totalt antal hushåll,Antal hushåll,2024,3513
0180R024_RegSO2025,Fruängen,sammanboende med barn,Antal hushåll,2024,843
0180R024_RegSO2025,Fruängen,sammanboende utan barn,Antal hushåll,2024,912
0180R024_RegSO2025,Fruängen,ensamstående med barn,Antal hushåll,2024,503
0180R024_RegSO2025,Fruängen,ensamstående utan barn,Antal hushåll,2024,2662
0180R024_RegSO2025,Fruängen,övriga hushåll,Antal hushåll,2024,297
0180R024_RegSO2025,Fruängen,totalt antal hushåll,Antal hushåll,2024,5217
0180R025_RegSO2025,Gamla Enskede,sammanboende med barn,Antal hushåll,2024,1246
0180R025_RegSO2025,Gamla Enskede,sammanboende utan barn,Antal hushåll,2024,790
0180R025_RegSO2025,Gamla Enskede,ensamstående med barn,Antal hushåll,2024,486
0180R025_RegSO2025,Gamla Enskede,ensamstående utan barn,Antal hushåll,2024,1761
0180R025_RegSO2025,Gamla Enskede,övriga hushåll,Antal hushåll,2024,371
0180R025_RegSO2025,Gamla Enskede,totalt antal hushåll,Antal hushåll,2024,4654
0180R026_RegSO2025,Grimsta,sammanboende med barn,Antal hushåll,2024,353
0180R026_RegSO2025,Grimsta,sammanboende utan barn,Antal hushåll,2024,283
0180R026_RegSO2025,Grimsta,ensamstående med barn,Antal hushåll,2024,274
0180R026_RegSO2025,Grimsta,ensamstående utan barn,Antal hushåll,2024,967
0180R026_RegSO2025,Grimsta,övriga hushåll,Antal hushåll,2024,269
0180R026_RegSO2025,Grimsta,totalt antal hushåll,Antal hushåll,2024,2146
0180R027_RegSO2025,Gröndal,sammanboende med barn,Antal hushåll,2024,973
0180R027_RegSO2025,Gröndal,sammanboende utan barn,Antal hushåll,2024,959
0180R027_RegSO2025,Gröndal,ensamstående med barn,Antal hushåll,2024,399
0180R027_RegSO2025,Gröndal,ensamstående utan barn,Antal hushåll,2024,1977
0180R027_RegSO2025,Gröndal,övriga hushåll,Antal hushåll,2024,211
0180R027_RegSO2025,Gröndal,totalt antal hushåll,Antal hushåll,2024,4519
0180R028_RegSO2025,Gubbängen,sammanboende med barn,Antal hushåll,2024,523
0180R028_RegSO2025,Gubbängen,sammanboende utan barn,Antal hushåll,2024,508
0180R028_RegSO2025,Gubbängen,ensamstående med barn,Antal hushåll,2024,301
0180R028_RegSO2025,Gubbängen,ensamstående utan barn,Antal hushåll,2024,1611
0180R028_RegSO2025,Gubbängen,övriga hushåll,Antal hushåll,2024,191
0180R028_RegSO2025,Gubbängen,totalt antal hushåll,Antal hushåll,2024,3134
0180R029_RegSO2025,Gustav Vasa,sammanboende med barn,Antal hushåll,2024,1374
0180R029_RegSO2025,Gustav Vasa,sammanboende utan barn,Antal hushåll,2024,1834
0180R029_RegSO2025,Gustav Vasa,ensamstående med barn,Antal hushåll,2024,510
0180R029_RegSO2025,Gustav Vasa,ensamstående utan barn,Antal hushåll,2024,3641
0180R029_RegSO2025,Gustav Vasa,övriga hushåll,Antal hushåll,2024,527
0180R029_RegSO2025,Gustav Vasa,totalt antal hushåll,Antal hushåll,2024,7886
0180R030_RegSO2025,Gärdet,sammanboende med barn,Antal hushåll,2024,1650
0180R030_RegSO2025,Gärdet,sammanboende utan barn,Antal hushåll,2024,2806
0180R030_RegSO2025,Gärdet,ensamstående med barn,Antal hushåll,2024,829
0180R030_RegSO2025,Gärdet,ensamstående utan barn,Antal hushåll,2024,7551
0180R030_RegSO2025,Gärdet,övriga hushåll,Antal hushåll,2024,674
0180R030_RegSO2025,Gärdet,totalt antal hushåll,Antal hushåll,2024,13510
0180R031_RegSO2025,Hagsätra,sammanboende med barn,Antal hushåll,2024,964
0180R031_RegSO2025,Hagsätra,sammanboende utan barn,Antal hushåll,2024,608
0180R031_RegSO2025,Hagsätra,ensamstående med barn,Antal hushåll,2024,468
0180R031_RegSO2025,Hagsätra,ensamstående utan barn,Antal hushåll,2024,1595
0180R031_RegSO2025,Hagsätra,övriga hushåll,Antal hushåll,2024,555
0180R031_RegSO2025,Hagsätra,totalt antal hushåll,Antal hushåll,2024,4190
0180R032_RegSO2025,Hammarbyhöjden,sammanboende med barn,Antal hushåll,2024,904
0180R032_RegSO2025,Hammarbyhöjden,sammanboende utan barn,Antal hushåll,2024,1191
0180R032_RegSO2025,Hammarbyhöjden,ensamstående med barn,Antal hushåll,2024,379
0180R032_RegSO2025,Hammarbyhöjden,ensamstående utan barn,Antal hushåll,2024,3188
0180R032_RegSO2025,Hammarbyhöjden,övriga hushåll,Antal hushåll,2024,385
0180R032_RegSO2025,Hammarbyhöjden,totalt antal hushåll,Antal hushåll,2024,6047
0180R033_RegSO2025,Hedvig Eleonora,sammanboende med barn,Antal hushåll,2024,872
0180R033_RegSO2025,Hedvig Eleonora,sammanboende utan barn,Antal hushåll,2024,1392
0180R033_RegSO2025,Hedvig Eleonora,ensamstående med barn,Antal hushåll,2024,402
0180R033_RegSO2025,Hedvig Eleonora,ensamstående utan barn,Antal hushåll,2024,2810
0180R033_RegSO2025,Hedvig Eleonora,övriga hushåll,Antal hushåll,2024,372
0180R033_RegSO2025,Hedvig Eleonora,totalt antal hushåll,Antal hushåll,2024,5848
0180R034_RegSO2025,Herrängen,sammanboende med barn,Antal hushåll,2024,644
0180R034_RegSO2025,Herrängen,sammanboende utan barn,Antal hushåll,2024,293
0180R034_RegSO2025,Herrängen,ensamstående med barn,Antal hushåll,2024,74
0180R034_RegSO2025,Herrängen,ensamstående utan barn,Antal hushåll,2024,139
0180R034_RegSO2025,Herrängen,övriga hushåll,Antal hushåll,2024,83
0180R034_RegSO2025,Herrängen,totalt antal hushåll,Antal hushåll,2024,1233
0180R035_RegSO2025,Hjorthagen-Värtahamnen,sammanboende med barn,Antal hushåll,2024,1140
0180R035_RegSO2025,Hjorthagen-Värtahamnen,sammanboende utan barn,Antal hushåll,2024,951
0180R035_RegSO2025,Hjorthagen-Värtahamnen,ensamstående med barn,Antal hushåll,2024,353
0180R035_RegSO2025,Hjorthagen-Värtahamnen,ensamstående utan barn,Antal hushåll,2024,1786
0180R035_RegSO2025,Hjorthagen-Värtahamnen,övriga hushåll,Antal hushåll,2024,227
0180R035_RegSO2025,Hjorthagen-Värtahamnen,totalt antal hushåll,Antal hushåll,2024,4457
0180R036_RegSO2025,Husby,sammanboende med barn,Antal hushåll,2024,785
0180R036_RegSO2025,Husby,sammanboende utan barn,Antal hushåll,2024,434
0180R036_RegSO2025,Husby,ensamstående med barn,Antal hushåll,2024,641
0180R036_RegSO2025,Husby,ensamstående utan barn,Antal hushåll,2024,2001
0180R036_RegSO2025,Husby,övriga hushåll,Antal hushåll,2024,1047
0180R036_RegSO2025,Husby,totalt antal hushåll,Antal hushåll,2024,4908
0180R037_RegSO2025,Hägersten,sammanboende med barn,Antal hushåll,2024,1183
0180R037_RegSO2025,Hägersten,sammanboende utan barn,Antal hushåll,2024,827
0180R037_RegSO2025,Hägersten,ensamstående med barn,Antal hushåll,2024,340
0180R037_RegSO2025,Hägersten,ensamstående utan barn,Antal hushåll,2024,1610
0180R037_RegSO2025,Hägersten,övriga hushåll,Antal hushåll,2024,323
0180R037_RegSO2025,Hägersten,totalt antal hushåll,Antal hushåll,2024,4283
0180R038_RegSO2025,Hägerstensåsen,sammanboende med barn,Antal hushåll,2024,659
0180R038_RegSO2025,Hägerstensåsen,sammanboende utan barn,Antal hushåll,2024,845
0180R038_RegSO2025,Hägerstensåsen,ensamstående med barn,Antal hushåll,2024,415
0180R038_RegSO2025,Hägerstensåsen,ensamstående utan barn,Antal hushåll,2024,2386
0180R038_RegSO2025,Hägerstensåsen,övriga hushåll,Antal hushåll,2024,357
0180R038_RegSO2025,Hägerstensåsen,totalt antal hushåll,Antal hushåll,2024,4662
0180R039_RegSO2025,Hässelby Gård,sammanboende med barn,Antal hushåll,2024,787
0180R039_RegSO2025,Hässelby Gård,sammanboende utan barn,Antal hushåll,2024,625
0180R039_RegSO2025,Hässelby Gård,ensamstående med barn,Antal hushåll,2024,605
0180R039_RegSO2025,Hässelby Gård,ensamstående utan barn,Antal hushåll,2024,2776
0180R039_RegSO2025,Hässelby Gård,övriga hushåll,Antal hushåll,2024,754
0180R039_RegSO2025,Hässelby Gård,totalt antal hushåll,Antal hushåll,2024,5547
0180R040_RegSO2025,Hässelby Strand,sammanboende med barn,Antal hushåll,2024,521
0180R040_RegSO2025,Hässelby Strand,sammanboende utan barn,Antal hushåll,2024,699
0180R040_RegSO2025,Hässelby Strand,ensamstående med barn,Antal hushåll,2024,417
0180R040_RegSO2025,Hässelby Strand,ensamstående utan barn,Antal hushåll,2024,2376
0180R040_RegSO2025,Hässelby Strand,övriga hushåll,Antal hushåll,2024,415
0180R040_RegSO2025,Hässelby Strand,totalt antal hushåll,Antal hushåll,2024,4428
0180R041_RegSO2025,Hässelby Villastad,sammanboende med barn,Antal hushåll,2024,2531
0180R041_RegSO2025,Hässelby Villastad,sammanboende utan barn,Antal hushåll,2024,1624
0180R041_RegSO2025,Hässelby Villastad,ensamstående med barn,Antal hushåll,2024,560
0180R041_RegSO2025,Hässelby Villastad,ensamstående utan barn,Antal hushåll,2024,1603
0180R041_RegSO2025,Hässelby Villastad,övriga hushåll,Antal hushåll,2024,550
0180R041_RegSO2025,Hässelby Villastad,totalt antal hushåll,Antal hushåll,2024,6868
0180R042_RegSO2025,Högdalen,sammanboende med barn,Antal hushåll,2024,797
0180R042_RegSO2025,Högdalen,sammanboende utan barn,Antal hushåll,2024,853
0180R042_RegSO2025,Högdalen,ensamstående med barn,Antal hushåll,2024,520
0180R042_RegSO2025,Högdalen,ensamstående utan barn,Antal hushåll,2024,2820
0180R042_RegSO2025,Högdalen,övriga hushåll,Antal hushåll,2024,547
0180R042_RegSO2025,Högdalen,totalt antal hushåll,Antal hushåll,2024,5537
0180R043_RegSO2025,Höglandet,sammanboende med barn,Antal hushåll,2024,208
0180R043_RegSO2025,Höglandet,sammanboende utan barn,Antal hushåll,2024,124
0180R043_RegSO2025,Höglandet,ensamstående med barn,Antal hushåll,2024,24
0180R043_RegSO2025,Höglandet,ensamstående utan barn,Antal hushåll,2024,89
0180R043_RegSO2025,Höglandet,övriga hushåll,Antal hushåll,2024,29
0180R043_RegSO2025,Höglandet,totalt antal hushåll,Antal hushåll,2024,474
0180R044_RegSO2025,Hökarängen,sammanboende med barn,Antal hushåll,2024,795
0180R044_RegSO2025,Hökarängen,sammanboende utan barn,Antal hushåll,2024,780
0180R044_RegSO2025,Hökarängen,ensamstående med barn,Antal hushåll,2024,595
0180R044_RegSO2025,Hökarängen,ensamstående utan barn,Antal hushåll,2024,2999
0180R044_RegSO2025,Hökarängen,övriga hushåll,Antal hushåll,2024,422
0180R044_RegSO2025,Hökarängen,totalt antal hushåll,Antal hushåll,2024,5591
0180R045_RegSO2025,Johanneshov,sammanboende med barn,Antal hushåll,2024,306
0180R045_RegSO2025,Johanneshov,sammanboende utan barn,Antal hushåll,2024,720
0180R045_RegSO2025,Johanneshov,ensamstående med barn,Antal hushåll,2024,264
0180R045_RegSO2025,Johanneshov,ensamstående utan barn,Antal hushåll,2024,2601
0180R045_RegSO2025,Johanneshov,övriga hushåll,Antal hushåll,2024,254
0180R045_RegSO2025,Johanneshov,totalt antal hushåll,Antal hushåll,2024,4145
0180R046_RegSO2025,Kista,sammanboende med barn,Antal hushåll,2024,1309
0180R046_RegSO2025,Kista,sammanboende utan barn,Antal hushåll,2024,1065
0180R046_RegSO2025,Kista,ensamstående med barn,Antal hushåll,2024,433
0180R046_RegSO2025,Kista,ensamstående utan barn,Antal hushåll,2024,2936
0180R046_RegSO2025,Kista,övriga hushåll,Antal hushåll,2024,1002
0180R046_RegSO2025,Kista,totalt antal hushåll,Antal hushåll,2024,6745
0180R047_RegSO2025,Klara-Jacob,sammanboende med barn,Antal hushåll,2024,127
0180R047_RegSO2025,Klara-Jacob,sammanboende utan barn,Antal hushåll,2024,258
0180R047_RegSO2025,Klara-Jacob,ensamstående med barn,Antal hushåll,2024,79
0180R047_RegSO2025,Klara-Jacob,ensamstående utan barn,Antal hushåll,2024,631
0180R047_RegSO2025,Klara-Jacob,övriga hushåll,Antal hushåll,2024,99
0180R047_RegSO2025,Klara-Jacob,totalt antal hushåll,Antal hushåll,2024,1194
0180R048_RegSO2025,Kristineberg,sammanboende med barn,Antal hushåll,2024,670
0180R048_RegSO2025,Kristineberg,sammanboende utan barn,Antal hushåll,2024,872
0180R048_RegSO2025,Kristineberg,ensamstående med barn,Antal hushåll,2024,296
0180R048_RegSO2025,Kristineberg,ensamstående utan barn,Antal hushåll,2024,2183
0180R048_RegSO2025,Kristineberg,övriga hushåll,Antal hushåll,2024,251
0180R048_RegSO2025,Kristineberg,totalt antal hushåll,Antal hushåll,2024,4272
0180R049_RegSO2025,Kungsholm,sammanboende med barn,Antal hushåll,2024,1562
0180R049_RegSO2025,Kungsholm,sammanboende utan barn,Antal hushåll,2024,2743
0180R049_RegSO2025,Kungsholm,ensamstående med barn,Antal hushåll,2024,583
0180R049_RegSO2025,Kungsholm,ensamstående utan barn,Antal hushåll,2024,5545
0180R049_RegSO2025,Kungsholm,övriga hushåll,Antal hushåll,2024,593
0180R049_RegSO2025,Kungsholm,totalt antal hushåll,Antal hushåll,2024,11026
0180R050_RegSO2025,Kälvesta,sammanboende med barn,Antal hushåll,2024,664
0180R050_RegSO2025,Kälvesta,sammanboende utan barn,Antal hushåll,2024,340
0180R050_RegSO2025,Kälvesta,ensamstående med barn,Antal hushåll,2024,99
0180R050_RegSO2025,Kälvesta,ensamstående utan barn,Antal hushåll,2024,222
0180R050_RegSO2025,Kälvesta,övriga hushåll,Antal hushåll,2024,141
0180R050_RegSO2025,Kälvesta,totalt antal hushåll,Antal hushåll,2024,1466
0180R051_RegSO2025,Kärrtorp,sammanboende med barn,Antal hushåll,2024,511
0180R051_RegSO2025,Kärrtorp,sammanboende utan barn,Antal hushåll,2024,422
0180R051_RegSO2025,Kärrtorp,ensamstående med barn,Antal hushåll,2024,357
0180R051_RegSO2025,Kärrtorp,ensamstående utan barn,Antal hushåll,2024,1576
0180R051_RegSO2025,Kärrtorp,övriga hushåll,Antal hushåll,2024,165
0180R051_RegSO2025,Kärrtorp,totalt antal hushåll,Antal hushåll,2024,3031
0180R052_RegSO2025,Larsboda,sammanboende med barn,Antal hushåll,2024,252
0180R052_RegSO2025,Larsboda,sammanboende utan barn,Antal hushåll,2024,239
0180R052_RegSO2025,Larsboda,ensamstående med barn,Antal hushåll,2024,77
0180R052_RegSO2025,Larsboda,ensamstående utan barn,Antal hushåll,2024,636
0180R052_RegSO2025,Larsboda,övriga hushåll,Antal hushåll,2024,72
0180R052_RegSO2025,Larsboda,totalt antal hushåll,Antal hushåll,2024,1276
0180R053_RegSO2025,Liljeholmen,sammanboende med barn,Antal hushåll,2024,2193
0180R053_RegSO2025,Liljeholmen,sammanboende utan barn,Antal hushåll,2024,2019
0180R053_RegSO2025,Liljeholmen,ensamstående med barn,Antal hushåll,2024,626
0180R053_RegSO2025,Liljeholmen,ensamstående utan barn,Antal hushåll,2024,2897
0180R053_RegSO2025,Liljeholmen,övriga hushåll,Antal hushåll,2024,426
0180R053_RegSO2025,Liljeholmen,totalt antal hushåll,Antal hushåll,2024,8161
0180R054_RegSO2025,Lilla Essingen,sammanboende med barn,Antal hushåll,2024,357
0180R054_RegSO2025,Lilla Essingen,sammanboende utan barn,Antal hushåll,2024,612
0180R054_RegSO2025,Lilla Essingen,ensamstående med barn,Antal hushåll,2024,129
0180R054_RegSO2025,Lilla Essingen,ensamstående utan barn,Antal hushåll,2024,1667
0180R054_RegSO2025,Lilla Essingen,övriga hushåll,Antal hushåll,2024,134
0180R054_RegSO2025,Lilla Essingen,totalt antal hushåll,Antal hushåll,2024,2899
0180R055_RegSO2025,Liseberg,sammanboende med barn,Antal hushåll,2024,152
0180R055_RegSO2025,Liseberg,sammanboende utan barn,Antal hushåll,2024,154
0180R055_RegSO2025,Liseberg,ensamstående med barn,Antal hushåll,2024,28
0180R055_RegSO2025,Liseberg,ensamstående utan barn,Antal hushåll,2024,358
0180R055_RegSO2025,Liseberg,övriga hushåll,Antal hushåll,2024,34
0180R055_RegSO2025,Liseberg,totalt antal hushåll,Antal hushåll,2024,726
0180R056_RegSO2025,Långbro,sammanboende med barn,Antal hushåll,2024,1048
0180R056_RegSO2025,Långbro,sammanboende utan barn,Antal hushåll,2024,679
0180R056_RegSO2025,Långbro,ensamstående med barn,Antal hushåll,2024,233
0180R056_RegSO2025,Långbro,ensamstående utan barn,Antal hushåll,2024,808
0180R056_RegSO2025,Långbro,övriga hushåll,Antal hushåll,2024,161
0180R056_RegSO2025,Långbro,totalt antal hushåll,Antal hushåll,2024,2929
0180R057_RegSO2025,Långsjö,sammanboende med barn,Antal hushåll,2024,511
0180R057_RegSO2025,Långsjö,sammanboende utan barn,Antal hushåll,2024,209
0180R057_RegSO2025,Långsjö,ensamstående med barn,Antal hushåll,2024,59
0180R057_RegSO2025,Långsjö,ensamstående utan barn,Antal hushåll,2024,126
0180R057_RegSO2025,Långsjö,övriga hushåll,Antal hushåll,2024,67
0180R057_RegSO2025,Långsjö,totalt antal hushåll,Antal hushåll,2024,972
0180R058_RegSO2025,Mariatorget,sammanboende med barn,Antal hushåll,2024,1253
0180R058_RegSO2025,Mariatorget,sammanboende utan barn,Antal hushåll,2024,1783
0180R058_RegSO2025,Mariatorget,ensamstående med barn,Antal hushåll,2024,583
0180R058_RegSO2025,Mariatorget,ensamstående utan barn,Antal hushåll,2024,3873
0180R058_RegSO2025,Mariatorget,övriga hushåll,Antal hushåll,2024,502
0180R058_RegSO2025,Mariatorget,totalt antal hushåll,Antal hushåll,2024,7994
0180R059_RegSO2025,Marieberg,sammanboende med barn,Antal hushåll,2024,259
0180R059_RegSO2025,Marieberg,sammanboende utan barn,Antal hushåll,2024,419
0180R059_RegSO2025,Marieberg,ensamstående med barn,Antal hushåll,2024,109
0180R059_RegSO2025,Marieberg,ensamstående utan barn,Antal hushåll,2024,800
0180R059_RegSO2025,Marieberg,övriga hushåll,Antal hushåll,2024,91
0180R059_RegSO2025,Marieberg,totalt antal hushåll,Antal hushåll,2024,1678
0180R060_RegSO2025,Mariehäll,sammanboende med barn,Antal hushåll,2024,1350
0180R060_RegSO2025,Mariehäll,sammanboende utan barn,Antal hushåll,2024,961
0180R060_RegSO2025,Mariehäll,ensamstående med barn,Antal hushåll,2024,445
0180R060_RegSO2025,Mariehäll,ensamstående utan barn,Antal hushåll,2024,1789
0180R060_RegSO2025,Mariehäll,övriga hushåll,Antal hushåll,2024,266
0180R060_RegSO2025,Mariehäll,totalt antal hushåll,Antal hushåll,2024,4811
0180R061_RegSO2025,Mellersta Högalid,sammanboende med barn,Antal hushåll,2024,956
0180R061_RegSO2025,Mellersta Högalid,sammanboende utan barn,Antal hushåll,2024,1203
0180R061_RegSO2025,Mellersta Högalid,ensamstående med barn,Antal hushåll,2024,460
0180R061_RegSO2025,Mellersta Högalid,ensamstående utan barn,Antal hushåll,2024,3109
0180R061_RegSO2025,Mellersta Högalid,övriga hushåll,Antal hushåll,2024,388
0180R061_RegSO2025,Mellersta Högalid,totalt antal hushåll,Antal hushåll,2024,6116
0180R062_RegSO2025,Midsommarkransen,sammanboende med barn,Antal hushåll,2024,1109
0180R062_RegSO2025,Midsommarkransen,sammanboende utan barn,Antal hushåll,2024,1183
0180R062_RegSO2025,Midsommarkransen,ensamstående med barn,Antal hushåll,2024,406
0180R062_RegSO2025,Midsommarkransen,ensamstående utan barn,Antal hushåll,2024,3421
0180R062_RegSO2025,Midsommarkransen,övriga hushåll,Antal hushåll,2024,395
0180R062_RegSO2025,Midsommarkransen,totalt antal hushåll,Antal hushåll,2024,6514
0180R063_RegSO2025,Mälarhöjden,sammanboende med barn,Antal hushåll,2024,644
0180R063_RegSO2025,Mälarhöjden,sammanboende utan barn,Antal hushåll,2024,328
0180R063_RegSO2025,Mälarhöjden,ensamstående med barn,Antal hushåll,2024,110
0180R063_RegSO2025,Mälarhöjden,ensamstående utan barn,Antal hushåll,2024,258
0180R063_RegSO2025,Mälarhöjden,övriga hushåll,Antal hushåll,2024,138
0180R063_RegSO2025,Mälarhöjden,totalt antal hushåll,Antal hushåll,2024,1478
0180R064_RegSO2025,Nockeby,sammanboende med barn,Antal hushåll,2024,449
0180R064_RegSO2025,Nockeby,sammanboende utan barn,Antal hushåll,2024,331
0180R064_RegSO2025,Nockeby,ensamstående med barn,Antal hushåll,2024,67
0180R064_RegSO2025,Nockeby,ensamstående utan barn,Antal hushåll,2024,480
0180R064_RegSO2025,Nockeby,övriga hushåll,Antal hushåll,2024,48
0180R064_RegSO2025,Nockeby,totalt antal hushåll,Antal hushåll,2024,1375
0180R065_RegSO2025,Nockebyhov-Olovslund,sammanboende med barn,Antal hushåll,2024,481
0180R065_RegSO2025,Nockebyhov-Olovslund,sammanboende utan barn,Antal hushåll,2024,446
0180R065_RegSO2025,Nockebyhov-Olovslund,ensamstående med barn,Antal hushåll,2024,122
0180R065_RegSO2025,Nockebyhov-Olovslund,ensamstående utan barn,Antal hushåll,2024,676
0180R065_RegSO2025,Nockebyhov-Olovslund,övriga hushåll,Antal hushåll,2024,71
0180R065_RegSO2025,Nockebyhov-Olovslund,totalt antal hushåll,Antal hushåll,2024,1796
0180R066_RegSO2025,Norra Adolf Fredrik,sammanboende med barn,Antal hushåll,2024,452
0180R066_RegSO2025,Norra Adolf Fredrik,sammanboende utan barn,Antal hushåll,2024,508
0180R066_RegSO2025,Norra Adolf Fredrik,ensamstående med barn,Antal hushåll,2024,125
0180R066_RegSO2025,Norra Adolf Fredrik,ensamstående utan barn,Antal hushåll,2024,941
0180R066_RegSO2025,Norra Adolf Fredrik,övriga hushåll,Antal hushåll,2024,165
0180R066_RegSO2025,Norra Adolf Fredrik,totalt antal hushåll,Antal hushåll,2024,2191
0180R067_RegSO2025,Norra Högalid,sammanboende med barn,Antal hushåll,2024,886
0180R067_RegSO2025,Norra Högalid,sammanboende utan barn,Antal hushåll,2024,1633
0180R067_RegSO2025,Norra Högalid,ensamstående med barn,Antal hushåll,2024,413
0180R067_RegSO2025,Norra Högalid,ensamstående utan barn,Antal hushåll,2024,5245
0180R067_RegSO2025,Norra Högalid,övriga hushåll,Antal hushåll,2024,457
0180R067_RegSO2025,Norra Högalid,totalt antal hushåll,Antal hushåll,2024,8634
0180R068_RegSO2025,Norra Johannes,sammanboende med barn,Antal hushåll,2024,899
0180R068_RegSO2025,Norra Johannes,sammanboende utan barn,Antal hushåll,2024,1236
0180R068_RegSO2025,Norra Johannes,ensamstående med barn,Antal hushåll,2024,323
0180R068_RegSO2025,Norra Johannes,ensamstående utan barn,Antal hushåll,2024,2583
0180R068_RegSO2025,Norra Johannes,övriga hushåll,Antal hushåll,2024,368
0180R068_RegSO2025,Norra Johannes,totalt antal hushåll,Antal hushåll,2024,5409
0180R069_RegSO2025,Norra Skarpnäcks Gård,sammanboende med barn,Antal hushåll,2024,779
0180R069_RegSO2025,Norra Skarpnäcks Gård,sammanboende utan barn,Antal hushåll,2024,427
0180R069_RegSO2025,Norra Skarpnäcks Gård,ensamstående med barn,Antal hushåll,2024,372
0180R069_RegSO2025,Norra Skarpnäcks Gård,ensamstående utan barn,Antal hushåll,2024,1118
0180R069_RegSO2025,Norra Skarpnäcks Gård,övriga hushåll,Antal hushåll,2024,292
0180R069_RegSO2025,Norra Skarpnäcks Gård,totalt antal hushåll,Antal hushåll,2024,2988
0180R070_RegSO2025,Norra Sofia,sammanboende med barn,Antal hushåll,2024,596
0180R070_RegSO2025,Norra Sofia,sammanboende utan barn,Antal hushåll,2024,911
0180R070_RegSO2025,Norra Sofia,ensamstående med barn,Antal hushåll,2024,312
0180R070_RegSO2025,Norra Sofia,ensamstående utan barn,Antal hushåll,2024,2570
0180R070_RegSO2025,Norra Sofia,övriga hushåll,Antal hushåll,2024,270
0180R070_RegSO2025,Norra Sofia,totalt antal hushåll,Antal hushåll,2024,4659
0180R071_RegSO2025,Norra Ängby,sammanboende med barn,Antal hushåll,2024,898
0180R071_RegSO2025,Norra Ängby,sammanboende utan barn,Antal hushåll,2024,525
0180R071_RegSO2025,Norra Ängby,ensamstående med barn,Antal hushåll,2024,117
0180R071_RegSO2025,Norra Ängby,ensamstående utan barn,Antal hushåll,2024,915
0180R071_RegSO2025,Norra Ängby,övriga hushåll,Antal hushåll,2024,109
0180R071_RegSO2025,Norra Ängby,totalt antal hushåll,Antal hushåll,2024,2564
0180R072_RegSO2025,Nälsta,sammanboende med barn,Antal hushåll,2024,765
0180R072_RegSO2025,Nälsta,sammanboende utan barn,Antal hushåll,2024,349
0180R072_RegSO2025,Nälsta,ensamstående med barn,Antal hushåll,2024,136
0180R072_RegSO2025,Nälsta,ensamstående utan barn,Antal hushåll,2024,316
0180R072_RegSO2025,Nälsta,övriga hushåll,Antal hushåll,2024,131
0180R072_RegSO2025,Nälsta,totalt antal hushåll,Antal hushåll,2024,1697
0180R073_RegSO2025,Oscars kyrka,sammanboende med barn,Antal hushåll,2024,1404
0180R073_RegSO2025,Oscars kyrka,sammanboende utan barn,Antal hushåll,2024,2129
0180R073_RegSO2025,Oscars kyrka,ensamstående med barn,Antal hushåll,2024,524
0180R073_RegSO2025,Oscars kyrka,ensamstående utan barn,Antal hushåll,2024,3735
0180R073_RegSO2025,Oscars kyrka,övriga hushåll,Antal hushåll,2024,446
0180R073_RegSO2025,Oscars kyrka,totalt antal hushåll,Antal hushåll,2024,8238
0180R074_RegSO2025,Reimersholme-Långholmen,sammanboende med barn,Antal hushåll,2024,231
0180R074_RegSO2025,Reimersholme-Långholmen,sammanboende utan barn,Antal hushåll,2024,279
0180R074_RegSO2025,Reimersholme-Långholmen,ensamstående med barn,Antal hushåll,2024,81
0180R074_RegSO2025,Reimersholme-Långholmen,ensamstående utan barn,Antal hushåll,2024,664
0180R074_RegSO2025,Reimersholme-Långholmen,övriga hushåll,Antal hushåll,2024,56
0180R074_RegSO2025,Reimersholme-Långholmen,totalt antal hushåll,Antal hushåll,2024,1311
0180R075_RegSO2025,Riksby-Åkeshov,sammanboende med barn,Antal hushåll,2024,267
0180R075_RegSO2025,Riksby-Åkeshov,sammanboende utan barn,Antal hushåll,2024,601
0180R075_RegSO2025,Riksby-Åkeshov,ensamstående med barn,Antal hushåll,2024,204
0180R075_RegSO2025,Riksby-Åkeshov,ensamstående utan barn,Antal hushåll,2024,2078
0180R075_RegSO2025,Riksby-Åkeshov,övriga hushåll,Antal hushåll,2024,174
0180R075_RegSO2025,Riksby-Åkeshov,totalt antal hushåll,Antal hushåll,2024,3324
0180R076_RegSO2025,Rinkeby,sammanboende med barn,Antal hushåll,2024,1018
0180R076_RegSO2025,Rinkeby,sammanboende utan barn,Antal hushåll,2024,491
0180R076_RegSO2025,Rinkeby,ensamstående med barn,Antal hushåll,2024,838
0180R076_RegSO2025,Rinkeby,ensamstående utan barn,Antal hushåll,2024,1873
0180R076_RegSO2025,Rinkeby,övriga hushåll,Antal hushåll,2024,1511
0180R076_RegSO2025,Rinkeby,totalt antal hushåll,Antal hushåll,2024,5731
0180R077_RegSO2025,Råcksta,sammanboende med barn,Antal hushåll,2024,969
0180R077_RegSO2025,Råcksta,sammanboende utan barn,Antal hushåll,2024,710
0180R077_RegSO2025,Råcksta,ensamstående med barn,Antal hushåll,2024,449
0180R077_RegSO2025,Råcksta,ensamstående utan barn,Antal hushåll,2024,2271
0180R077_RegSO2025,Råcksta,övriga hushåll,Antal hushåll,2024,454
0180R077_RegSO2025,Råcksta,totalt antal hushåll,Antal hushåll,2024,4853
0180R078_RegSO2025,Rågsved,sammanboende med barn,Antal hushåll,2024,864
0180R078_RegSO2025,Rågsved,sammanboende utan barn,Antal hushåll,2024,648
0180R078_RegSO2025,Rågsved,ensamstående med barn,Antal hushåll,2024,623
0180R078_RegSO2025,Rågsved,ensamstående utan barn,Antal hushåll,2024,2145
0180R078_RegSO2025,Rågsved,övriga hushåll,Antal hushåll,2024,899
0180R078_RegSO2025,Rågsved,totalt antal hushåll,Antal hushåll,2024,5179
0180R079_RegSO2025,Skärholmen,sammanboende med barn,Antal hushåll,2024,684
0180R079_RegSO2025,Skärholmen,sammanboende utan barn,Antal hushåll,2024,518
0180R079_RegSO2025,Skärholmen,ensamstående med barn,Antal hushåll,2024,376
0180R079_RegSO2025,Skärholmen,ensamstående utan barn,Antal hushåll,2024,1343
0180R079_RegSO2025,Skärholmen,övriga hushåll,Antal hushåll,2024,651
0180R079_RegSO2025,Skärholmen,totalt antal hushåll,Antal hushåll,2024,3572
0180R080_RegSO2025,Sköndal,sammanboende med barn,Antal hushåll,2024,1329
0180R080_RegSO2025,Sköndal,sammanboende utan barn,Antal hushåll,2024,763
0180R080_RegSO2025,Sköndal,ensamstående med barn,Antal hushåll,2024,405
0180R080_RegSO2025,Sköndal,ensamstående utan barn,Antal hushåll,2024,1795
0180R080_RegSO2025,Sköndal,övriga hushåll,Antal hushåll,2024,264
0180R080_RegSO2025,Sköndal,totalt antal hushåll,Antal hushåll,2024,4556
0180R081_RegSO2025,Smedslätten,sammanboende med barn,Antal hushåll,2024,336
0180R081_RegSO2025,Smedslätten,sammanboende utan barn,Antal hushåll,2024,192
0180R081_RegSO2025,Smedslätten,ensamstående med barn,Antal hushåll,2024,79
0180R081_RegSO2025,Smedslätten,ensamstående utan barn,Antal hushåll,2024,285
0180R081_RegSO2025,Smedslätten,övriga hushåll,Antal hushåll,2024,70
0180R081_RegSO2025,Smedslätten,totalt antal hushåll,Antal hushåll,2024,962
0180R082_RegSO2025,Solberga,sammanboende med barn,Antal hushåll,2024,1379
0180R082_RegSO2025,Solberga,sammanboende utan barn,Antal hushåll,2024,1206
0180R082_RegSO2025,Solberga,ensamstående med barn,Antal hushåll,2024,733
0180R082_RegSO2025,Solberga,ensamstående utan barn,Antal hushåll,2024,2743
0180R082_RegSO2025,Solberga,övriga hushåll,Antal hushåll,2024,540
0180R082_RegSO2025,Solberga,totalt antal hushåll,Antal hushåll,2024,6601
0180R083_RegSO2025,Solhem-Lunda,sammanboende med barn,Antal hushåll,2024,1224
0180R083_RegSO2025,Solhem-Lunda,sammanboende utan barn,Antal hushåll,2024,731
0180R083_RegSO2025,Solhem-Lunda,ensamstående med barn,Antal hushåll,2024,272
0180R083_RegSO2025,Solhem-Lunda,ensamstående utan barn,Antal hushåll,2024,1000
0180R083_RegSO2025,Solhem-Lunda,övriga hushåll,Antal hushåll,2024,280
0180R083_RegSO2025,Solhem-Lunda,totalt antal hushåll,Antal hushåll,2024,3507
0180R084_RegSO2025,Stadshagen,sammanboende med barn,Antal hushåll,2024,980
0180R084_RegSO2025,Stadshagen,sammanboende utan barn,Antal hushåll,2024,971
0180R084_RegSO2025,Stadshagen,ensamstående med barn,Antal hushåll,2024,342
0180R084_RegSO2025,Stadshagen,ensamstående utan barn,Antal hushåll,2024,2080
0180R084_RegSO2025,Stadshagen,övriga hushåll,Antal hushåll,2024,276
0180R084_RegSO2025,Stadshagen,totalt antal hushåll,Antal hushåll,2024,4649
0180R085_RegSO2025,Stora Essingen,sammanboende med barn,Antal hushåll,2024,447
0180R085_RegSO2025,Stora Essingen,sammanboende utan barn,Antal hushåll,2024,435
0180R085_RegSO2025,Stora Essingen,ensamstående med barn,Antal hushåll,2024,165
0180R085_RegSO2025,Stora Essingen,ensamstående utan barn,Antal hushåll,2024,1038
0180R085_RegSO2025,Stora Essingen,övriga hushåll,Antal hushåll,2024,136
0180R085_RegSO2025,Stora Essingen,totalt antal hushåll,Antal hushåll,2024,2221
0180R086_RegSO2025,Stora Mossen,sammanboende med barn,Antal hushåll,2024,250
0180R086_RegSO2025,Stora Mossen,sammanboende utan barn,Antal hushåll,2024,145
0180R086_RegSO2025,Stora Mossen,ensamstående med barn,Antal hushåll,2024,54
0180R086_RegSO2025,Stora Mossen,ensamstående utan barn,Antal hushåll,2024,150
0180R086_RegSO2025,Stora Mossen,övriga hushåll,Antal hushåll,2024,42
0180R086_RegSO2025,Stora Mossen,totalt antal hushåll,Antal hushåll,2024,641
0180R087_RegSO2025,Storkyrkan,sammanboende med barn,Antal hushåll,2024,219
0180R087_RegSO2025,Storkyrkan,sammanboende utan barn,Antal hushåll,2024,329
0180R087_RegSO2025,Storkyrkan,ensamstående med barn,Antal hushåll,2024,147
0180R087_RegSO2025,Storkyrkan,ensamstående utan barn,Antal hushåll,2024,830
0180R087_RegSO2025,Storkyrkan,övriga hushåll,Antal hushåll,2024,143
0180R087_RegSO2025,Storkyrkan,totalt antal hushåll,Antal hushåll,2024,1668
0180R088_RegSO2025,Stureby,sammanboende med barn,Antal hushåll,2024,1027
0180R088_RegSO2025,Stureby,sammanboende utan barn,Antal hushåll,2024,630
0180R088_RegSO2025,Stureby,ensamstående med barn,Antal hushåll,2024,344
0180R088_RegSO2025,Stureby,ensamstående utan barn,Antal hushåll,2024,1587
0180R088_RegSO2025,Stureby,övriga hushåll,Antal hushåll,2024,250
0180R088_RegSO2025,Stureby,totalt antal hushåll,Antal hushåll,2024,3838
0180R089_RegSO2025,Sundby,sammanboende med barn,Antal hushåll,2024,387
0180R089_RegSO2025,Sundby,sammanboende utan barn,Antal hushåll,2024,325
0180R089_RegSO2025,Sundby,ensamstående med barn,Antal hushåll,2024,64
0180R089_RegSO2025,Sundby,ensamstående utan barn,Antal hushåll,2024,1074
0180R089_RegSO2025,Sundby,övriga hushåll,Antal hushåll,2024,155
0180R089_RegSO2025,Sundby,totalt antal hushåll,Antal hushåll,2024,2005
0180R090_RegSO2025,Svedmyra,sammanboende med barn,Antal hushåll,2024,409
0180R090_RegSO2025,Svedmyra,sammanboende utan barn,Antal hushåll,2024,326
0180R090_RegSO2025,Svedmyra,ensamstående med barn,Antal hushåll,2024,146
0180R090_RegSO2025,Svedmyra,ensamstående utan barn,Antal hushåll,2024,725
0180R090_RegSO2025,Svedmyra,övriga hushåll,Antal hushåll,2024,80
0180R090_RegSO2025,Svedmyra,totalt antal hushåll,Antal hushåll,2024,1686
0180R091_RegSO2025,Sydvästra Skarpnäcks gård-Orhem,sammanboende med barn,Antal hushåll,2024,210
0180R091_RegSO2025,Sydvästra Skarpnäcks gård-Orhem,sammanboende utan barn,Antal hushåll,2024,136
0180R091_RegSO2025,Sydvästra Skarpnäcks gård-Orhem,ensamstående med barn,Antal hushåll,2024,94
0180R091_RegSO2025,Sydvästra Skarpnäcks gård-Orhem,ensamstående utan barn,Antal hushåll,2024,310
0180R091_RegSO2025,Sydvästra Skarpnäcks gård-Orhem,övriga hushåll,Antal hushåll,2024,87
0180R091_RegSO2025,Sydvästra Skarpnäcks gård-Orhem,totalt antal hushåll,Antal hushåll,2024,837
0180R092_RegSO2025,Sätra,sammanboende med barn,Antal hushåll,2024,711
0180R092_RegSO2025,Sätra,sammanboende utan barn,Antal hushåll,2024,458
0180R092_RegSO2025,Sätra,ensamstående med barn,Antal hushåll,2024,360
0180R092_RegSO2025,Sätra,ensamstående utan barn,Antal hushåll,2024,1291
0180R092_RegSO2025,Sätra,övriga hushåll,Antal hushåll,2024,422
0180R092_RegSO2025,Sätra,totalt antal hushåll,Antal hushåll,2024,3242
0180R093_RegSO2025,Södra Adolf Fredrik,sammanboende med barn,Antal hushåll,2024,344
0180R093_RegSO2025,Södra Adolf Fredrik,sammanboende utan barn,Antal hushåll,2024,515
0180R093_RegSO2025,Södra Adolf Fredrik,ensamstående med barn,Antal hushåll,2024,151
0180R093_RegSO2025,Södra Adolf Fredrik,ensamstående utan barn,Antal hushåll,2024,1175
0180R093_RegSO2025,Södra Adolf Fredrik,övriga hushåll,Antal hushåll,2024,169
0180R093_RegSO2025,Södra Adolf Fredrik,totalt antal hushåll,Antal hushåll,2024,2354
0180R094_RegSO2025,Södra Hammarbyhamnen,sammanboende med barn,Antal hushåll,2024,2385
0180R094_RegSO2025,Södra Hammarbyhamnen,sammanboende utan barn,Antal hushåll,2024,2271
0180R094_RegSO2025,Södra Hammarbyhamnen,ensamstående med barn,Antal hushåll,2024,883
0180R094_RegSO2025,Södra Hammarbyhamnen,ensamstående utan barn,Antal hushåll,2024,3203
0180R094_RegSO2025,Södra Hammarbyhamnen,övriga hushåll,Antal hushåll,2024,497
0180R094_RegSO2025,Södra Hammarbyhamnen,totalt antal hushåll,Antal hushåll,2024,9239
0180R095_RegSO2025,Södra Högalid,sammanboende med barn,Antal hushåll,2024,372
0180R095_RegSO2025,Södra Högalid,sammanboende utan barn,Antal hushåll,2024,445
0180R095_RegSO2025,Södra Högalid,ensamstående med barn,Antal hushåll,2024,191
0180R095_RegSO2025,Södra Högalid,ensamstående utan barn,Antal hushåll,2024,1014
0180R095_RegSO2025,Södra Högalid,övriga hushåll,Antal hushåll,2024,145
0180R095_RegSO2025,Södra Högalid,totalt antal hushåll,Antal hushåll,2024,2167
0180R096_RegSO2025,Södra Johannes,sammanboende med barn,Antal hushåll,2024,179
0180R096_RegSO2025,Södra Johannes,sammanboende utan barn,Antal hushåll,2024,227
0180R096_RegSO2025,Södra Johannes,ensamstående med barn,Antal hushåll,2024,56
0180R096_RegSO2025,Södra Johannes,ensamstående utan barn,Antal hushåll,2024,610
0180R096_RegSO2025,Södra Johannes,övriga hushåll,Antal hushåll,2024,78
0180R096_RegSO2025,Södra Johannes,totalt antal hushåll,Antal hushåll,2024,1150
0180R097_RegSO2025,Södra Sofia,sammanboende med barn,Antal hushåll,2024,1194
0180R097_RegSO2025,Södra Sofia,sammanboende utan barn,Antal hushåll,2024,1586
0180R097_RegSO2025,Södra Sofia,ensamstående med barn,Antal hushåll,2024,524
0180R097_RegSO2025,Södra Sofia,ensamstående utan barn,Antal hushåll,2024,3288
0180R097_RegSO2025,Södra Sofia,övriga hushåll,Antal hushåll,2024,308
0180R097_RegSO2025,Södra Sofia,totalt antal hushåll,Antal hushåll,2024,6900
0180R098_RegSO2025,Södra Station,sammanboende med barn,Antal hushåll,2024,499
0180R098_RegSO2025,Södra Station,sammanboende utan barn,Antal hushåll,2024,521
0180R098_RegSO2025,Södra Station,ensamstående med barn,Antal hushåll,2024,187
0180R098_RegSO2025,Södra Station,ensamstående utan barn,Antal hushåll,2024,826
0180R098_RegSO2025,Södra Station,övriga hushåll,Antal hushåll,2024,132
0180R098_RegSO2025,Södra Station,totalt antal hushåll,Antal hushåll,2024,2165
0180R099_RegSO2025,Södra Ängby,sammanboende med barn,Antal hushåll,2024,269
0180R099_RegSO2025,Södra Ängby,sammanboende utan barn,Antal hushåll,2024,165
0180R099_RegSO2025,Södra Ängby,ensamstående med barn,Antal hushåll,2024,25
0180R099_RegSO2025,Södra Ängby,ensamstående utan barn,Antal hushåll,2024,58
0180R099_RegSO2025,Södra Ängby,övriga hushåll,Antal hushåll,2024,23
0180R099_RegSO2025,Södra Ängby,totalt antal hushåll,Antal hushåll,2024,540
0180R100_RegSO2025,Tallkrogen,sammanboende med barn,Antal hushåll,2024,571
0180R100_RegSO2025,Tallkrogen,sammanboende utan barn,Antal hushåll,2024,440
0180R100_RegSO2025,Tallkrogen,ensamstående med barn,Antal hushåll,2024,202
0180R100_RegSO2025,Tallkrogen,ensamstående utan barn,Antal hushåll,2024,947
0180R100_RegSO2025,Tallkrogen,övriga hushåll,Antal hushåll,2024,112
0180R100_RegSO2025,Tallkrogen,totalt antal hushåll,Antal hushåll,2024,2272
0180R101_RegSO2025,Tekniska Högskolan,sammanboende med barn,Antal hushåll,2024,284
0180R101_RegSO2025,Tekniska Högskolan,sammanboende utan barn,Antal hushåll,2024,635
0180R101_RegSO2025,Tekniska Högskolan,ensamstående med barn,Antal hushåll,2024,129
0180R101_RegSO2025,Tekniska Högskolan,ensamstående utan barn,Antal hushåll,2024,2144
0180R101_RegSO2025,Tekniska Högskolan,övriga hushåll,Antal hushåll,2024,531
0180R101_RegSO2025,Tekniska Högskolan,totalt antal hushåll,Antal hushåll,2024,3723
0180R102_RegSO2025,Tensta,sammanboende med barn,Antal hushåll,2024,1263
0180R102_RegSO2025,Tensta,sammanboende utan barn,Antal hushåll,2024,682
0180R102_RegSO2025,Tensta,ensamstående med barn,Antal hushåll,2024,785
0180R102_RegSO2025,Tensta,ensamstående utan barn,Antal hushåll,2024,2192
0180R102_RegSO2025,Tensta,övriga hushåll,Antal hushåll,2024,1568
0180R102_RegSO2025,Tensta,totalt antal hushåll,Antal hushåll,2024,6490
0180R103_RegSO2025,Traneberg,sammanboende med barn,Antal hushåll,2024,640
0180R103_RegSO2025,Traneberg,sammanboende utan barn,Antal hushåll,2024,965
0180R103_RegSO2025,Traneberg,ensamstående med barn,Antal hushåll,2024,296
0180R103_RegSO2025,Traneberg,ensamstående utan barn,Antal hushåll,2024,2176
0180R103_RegSO2025,Traneberg,övriga hushåll,Antal hushåll,2024,208
0180R103_RegSO2025,Traneberg,totalt antal hushåll,Antal hushåll,2024,4285
0180R104_RegSO2025,Ulvsunda,sammanboende med barn,Antal hushåll,2024,321
0180R104_RegSO2025,Ulvsunda,sammanboende utan barn,Antal hushåll,2024,233
0180R104_RegSO2025,Ulvsunda,ensamstående med barn,Antal hushåll,2024,86
0180R104_RegSO2025,Ulvsunda,ensamstående utan barn,Antal hushåll,2024,541
0180R104_RegSO2025,Ulvsunda,övriga hushåll,Antal hushåll,2024,93
0180R104_RegSO2025,Ulvsunda,totalt antal hushåll,Antal hushåll,2024,1274
0180R105_RegSO2025,Ulvsunda Industriområde,sammanboende med barn,Antal hushåll,2024,242
0180R105_RegSO2025,Ulvsunda Industriområde,sammanboende utan barn,Antal hushåll,2024,435
0180R105_RegSO2025,Ulvsunda Industriområde,ensamstående med barn,Antal hushåll,2024,118
0180R105_RegSO2025,Ulvsunda Industriområde,ensamstående utan barn,Antal hushåll,2024,1151
0180R105_RegSO2025,Ulvsunda Industriområde,övriga hushåll,Antal hushåll,2024,107
0180R105_RegSO2025,Ulvsunda Industriområde,totalt antal hushåll,Antal hushåll,2024,2053
0180R106_RegSO2025,Universitetet,sammanboende med barn,Antal hushåll,2024,132
0180R106_RegSO2025,Universitetet,sammanboende utan barn,Antal hushåll,2024,510
0180R106_RegSO2025,Universitetet,ensamstående med barn,Antal hushåll,2024,35
0180R106_RegSO2025,Universitetet,ensamstående utan barn,Antal hushåll,2024,1765
0180R106_RegSO2025,Universitetet,övriga hushåll,Antal hushåll,2024,474
0180R106_RegSO2025,Universitetet,totalt antal hushåll,Antal hushåll,2024,2916
0180R107_RegSO2025,Vinsta,sammanboende med barn,Antal hushåll,2024,524
0180R107_RegSO2025,Vinsta,sammanboende utan barn,Antal hushåll,2024,305
0180R107_RegSO2025,Vinsta,ensamstående med barn,Antal hushåll,2024,155
0180R107_RegSO2025,Vinsta,ensamstående utan barn,Antal hushåll,2024,476
0180R107_RegSO2025,Vinsta,övriga hushåll,Antal hushåll,2024,187
0180R107_RegSO2025,Vinsta,totalt antal hushåll,Antal hushåll,2024,1647
0180R108_RegSO2025,Vårberg,sammanboende med barn,Antal hushåll,2024,932
0180R108_RegSO2025,Vårberg,sammanboende utan barn,Antal hushåll,2024,547
0180R108_RegSO2025,Vårberg,ensamstående med barn,Antal hushåll,2024,459
0180R108_RegSO2025,Vårberg,ensamstående utan barn,Antal hushåll,2024,1320
0180R108_RegSO2025,Vårberg,övriga hushåll,Antal hushåll,2024,783
0180R108_RegSO2025,Vårberg,totalt antal hushåll,Antal hushåll,2024,4041
0180R109_RegSO2025,Vällingby,sammanboende med barn,Antal hushåll,2024,717
0180R109_RegSO2025,Vällingby,sammanboende utan barn,Antal hushåll,2024,611
0180R109_RegSO2025,Vällingby,ensamstående med barn,Antal hushåll,2024,460
0180R109_RegSO2025,Vällingby,ensamstående utan barn,Antal hushåll,2024,2068
0180R109_RegSO2025,Vällingby,övriga hushåll,Antal hushåll,2024,365
0180R109_RegSO2025,Vällingby,totalt antal hushåll,Antal hushåll,2024,4221
0180R110_RegSO2025,Västberga,sammanboende med barn,Antal hushåll,2024,530
0180R110_RegSO2025,Västberga,sammanboende utan barn,Antal hushåll,2024,786
0180R110_RegSO2025,Västberga,ensamstående med barn,Antal hushåll,2024,239
0180R110_RegSO2025,Västberga,ensamstående utan barn,Antal hushåll,2024,2578
0180R110_RegSO2025,Västberga,övriga hushåll,Antal hushåll,2024,278
0180R110_RegSO2025,Västberga,totalt antal hushåll,Antal hushåll,2024,4411
0180R111_RegSO2025,Västertorp,sammanboende med barn,Antal hushåll,2024,629
0180R111_RegSO2025,Västertorp,sammanboende utan barn,Antal hushåll,2024,661
0180R111_RegSO2025,Västertorp,ensamstående med barn,Antal hushåll,2024,442
0180R111_RegSO2025,Västertorp,ensamstående utan barn,Antal hushåll,2024,2176
0180R111_RegSO2025,Västertorp,övriga hushåll,Antal hushåll,2024,255
0180R111_RegSO2025,Västertorp,totalt antal hushåll,Antal hushåll,2024,4163
0180R112_RegSO2025,Västra Farsta Strand-Farstanäset,sammanboende med barn,Antal hushåll,2024,230
0180R112_RegSO2025,Västra Farsta Strand-Farstanäset,sammanboende utan barn,Antal hushåll,2024,193
0180R112_RegSO2025,Västra Farsta Strand-Farstanäset,ensamstående med barn,Antal hushåll,2024,61
0180R112_RegSO2025,Västra Farsta Strand-Farstanäset,ensamstående utan barn,Antal hushåll,2024,347
0180R112_RegSO2025,Västra Farsta Strand-Farstanäset,övriga hushåll,Antal hushåll,2024,46
0180R112_RegSO2025,Västra Farsta Strand-Farstanäset,totalt antal hushåll,Antal hushåll,2024,877
0180R113_RegSO2025,Västra Katarina,sammanboende med barn,Antal hushåll,2024,1040
0180R113_RegSO2025,Västra Katarina,sammanboende utan barn,Antal hushåll,2024,1525
0180R113_RegSO2025,Västra Katarina,ensamstående med barn,Antal hushåll,2024,584
0180R113_RegSO2025,Västra Katarina,ensamstående utan barn,Antal hushåll,2024,4722
0180R113_RegSO2025,Västra Katarina,övriga hushåll,Antal hushåll,2024,566
0180R113_RegSO2025,Västra Katarina,totalt antal hushåll,Antal hushåll,2024,8437
0180R114_RegSO2025,Västra Matteus,sammanboende med barn,Antal hushåll,2024,1836
0180R114_RegSO2025,Västra Matteus,sammanboende utan barn,Antal hushåll,2024,2656
0180R114_RegSO2025,Västra Matteus,ensamstående med barn,Antal hushåll,2024,641
0180R114_RegSO2025,Västra Matteus,ensamstående utan barn,Antal hushåll,2024,5424
0180R114_RegSO2025,Västra Matteus,övriga hushåll,Antal hushåll,2024,612
0180R114_RegSO2025,Västra Matteus,totalt antal hushåll,Antal hushåll,2024,11169
0180R115_RegSO2025,Åkeslund,sammanboende med barn,Antal hushåll,2024,240
0180R115_RegSO2025,Åkeslund,sammanboende utan barn,Antal hushåll,2024,357
0180R115_RegSO2025,Åkeslund,ensamstående med barn,Antal hushåll,2024,165
0180R115_RegSO2025,Åkeslund,ensamstående utan barn,Antal hushåll,2024,1318
0180R115_RegSO2025,Åkeslund,övriga hushåll,Antal hushåll,2024,97
0180R115_RegSO2025,Åkeslund,totalt antal hushåll,Antal hushåll,2024,2177
0180R116_RegSO2025,Ålsten,sammanboende med barn,Antal hushåll,2024,512
0180R116_RegSO2025,Ålsten,sammanboende utan barn,Antal hushåll,2024,260
0180R116_RegSO2025,Ålsten,ensamstående med barn,Antal hushåll,2024,63
0180R116_RegSO2025,Ålsten,ensamstående utan barn,Antal hushåll,2024,193
0180R116_RegSO2025,Ålsten,övriga hushåll,Antal hushåll,2024,52
0180R116_RegSO2025,Ålsten,totalt antal hushåll,Antal hushåll,2024,1080
0180R117_RegSO2025,Årsta,sammanboende med barn,Antal hushåll,2024,2075
0180R117_RegSO2025,Årsta,sammanboende utan barn,Antal hushåll,2024,2000
0180R117_RegSO2025,Årsta,ensamstående med barn,Antal hushåll,2024,948
0180R117_RegSO2025,Årsta,ensamstående utan barn,Antal hushåll,2024,5322
0180R117_RegSO2025,Årsta,övriga hushåll,Antal hushåll,2024,547
0180R117_RegSO2025,Årsta,totalt antal hushåll,Antal hushåll,2024,10892
0180R118_RegSO2025,Älvsjö,sammanboende med barn,Antal hushåll,2024,171
0180R118_RegSO2025,Älvsjö,sammanboende utan barn,Antal hushåll,2024,106
0180R118_RegSO2025,Älvsjö,ensamstående med barn,Antal hushåll,2024,56
0180R118_RegSO2025,Älvsjö,ensamstående utan barn,Antal hushåll,2024,369
0180R118_RegSO2025,Älvsjö,övriga hushåll,Antal hushåll,2024,80
0180R118_RegSO2025,Älvsjö,totalt antal hushåll,Antal hushåll,2024,782
0180R119_RegSO2025,Äppelviken,sammanboende med barn,Antal hushåll,2024,314
0180R119_RegSO2025,Äppelviken,sammanboende utan barn,Antal hushåll,2024,175
0180R119_RegSO2025,Äppelviken,ensamstående med barn,Antal hushåll,2024,51
0180R119_RegSO2025,Äppelviken,ensamstående utan barn,Antal hushåll,2024,163
0180R119_RegSO2025,Äppelviken,övriga hushåll,Antal hushåll,2024,43
0180R119_RegSO2025,Äppelviken,totalt antal hushåll,Antal hushåll,2024,746
0180R120_RegSO2025,Örby,sammanboende med barn,Antal hushåll,2024,791
0180R120_RegSO2025,Örby,sammanboende utan barn,Antal hushåll,2024,467
0180R120_RegSO2025,Örby,ensamstående med barn,Antal hushåll,2024,142
0180R120_RegSO2025,Örby,ensamstående utan barn,Antal hushåll,2024,665
0180R120_RegSO2025,Örby,övriga hushåll,Antal hushåll,2024,196
0180R120_RegSO2025,Örby,totalt antal hushåll,Antal hushåll,2024,2261
0180R121_RegSO2025,Örby Slott,sammanboende med barn,Antal hushåll,2024,216
0180R121_RegSO2025,Örby Slott,sammanboende utan barn,Antal hushåll,2024,180
0180R121_RegSO2025,Örby Slott,ensamstående med barn,Antal hushåll,2024,97
0180R121_RegSO2025,Örby Slott,ensamstående utan barn,Antal hushåll,2024,351
0180R121_RegSO2025,Örby Slott,övriga hushåll,Antal hushåll,2024,78
0180R121_RegSO2025,Örby Slott,totalt antal hushåll,Antal hushåll,2024,922
0180R122_RegSO2025,Östberga,sammanboende med barn,Antal hushåll,2024,552
0180R122_RegSO2025,Östberga,sammanboende utan barn,Antal hushåll,2024,373
0180R122_RegSO2025,Östberga,ensamstående med barn,Antal hushåll,2024,281
0180R122_RegSO2025,Östberga,ensamstående utan barn,Antal hushåll,2024,1016
0180R122_RegSO2025,Östberga,övriga hushåll,Antal hushåll,2024,339
0180R122_RegSO2025,Östberga,totalt antal hushåll,Antal hushåll,2024,2561
0180R123_RegSO2025,Östra Farsta Strand,sammanboende med barn,Antal hushåll,2024,241
0180R123_RegSO2025,Östra Farsta Strand,sammanboende utan barn,Antal hushåll,2024,277
0180R123_RegSO2025,Östra Farsta Strand,ensamstående med barn,Antal hushåll,2024,223
0180R123_RegSO2025,Östra Farsta Strand,ensamstående utan barn,Antal hushåll,2024,893
0180R123_RegSO2025,Östra Farsta Strand,övriga hushåll,Antal hushåll,2024,191
0180R123_RegSO2025,Östra Farsta Strand,totalt antal hushåll,Antal hushåll,2024,1825
0180R124_RegSO2025,Östra Katarina,sammanboende med barn,Antal hushåll,2024,1586
0180R124_RegSO2025,Östra Katarina,sammanboende utan barn,Antal hushåll,2024,2405
0180R124_RegSO2025,Östra Katarina,ensamstående med barn,Antal hushåll,2024,865
0180R124_RegSO2025,Östra Katarina,ensamstående utan barn,Antal hushåll,2024,5857
0180R124_RegSO2025,Östra Katarina,övriga hushåll,Antal hushåll,2024,803
0180R124_RegSO2025,Östra Katarina,totalt antal hushåll,Antal hushåll,2024,11516
0180R125_RegSO2025,Östra Matteus,sammanboende med barn,Antal hushåll,2024,1291
0180R125_RegSO2025,Östra Matteus,sammanboende utan barn,Antal hushåll,2024,1751
0180R125_RegSO2025,Östra Matteus,ensamstående med barn,Antal hushåll,2024,451
0180R125_RegSO2025,Östra Matteus,ensamstående utan barn,Antal hushåll,2024,3141
0180R125_RegSO2025,Östra Matteus,övriga hushåll,Antal hushåll,2024,377
0180R125_RegSO2025,Östra Matteus,totalt antal hushåll,Antal hushåll,2024,7011
0180R126_RegSO2025,Östra Sankt Göran,sammanboende med barn,Antal hushåll,2024,1235
0180R126_RegSO2025,Östra Sankt Göran,sammanboende utan barn,Antal hushåll,2024,2121
0180R126_RegSO2025,Östra Sankt Göran,ensamstående med barn,Antal hushåll,2024,488
0180R126_RegSO2025,Östra Sankt Göran,ensamstående utan barn,Antal hushåll,2024,5082
0180R126_RegSO2025,Östra Sankt Göran,övriga hushåll,Antal hushåll,2024,567
0180R126_RegSO2025,Östra Sankt Göran,totalt antal hushåll,Antal hushåll,2024,9493
0180R127_RegSO2025,Östra Skarpnäcks gård-Flaten-Skrubba,sammanboende med barn,Antal hushåll,2024,190
0180R127_RegSO2025,Östra Skarpnäcks gård-Flaten-Skrubba,sammanboende utan barn,Antal hushåll,2024,172
0180R127_RegSO2025,Östra Skarpnäcks gård-Flaten-Skrubba,ensamstående med barn,Antal hushåll,2024,104
0180R127_RegSO2025,Östra Skarpnäcks gård-Flaten-Skrubba,ensamstående utan barn,Antal hushåll,2024,388
0180R127_RegSO2025,Östra Skarpnäcks gård-Flaten-Skrubba,övriga hushåll,Antal hushåll,2024,58
0180R127_RegSO2025,Östra Skarpnäcks gård-Flaten-Skrubba,totalt antal hushåll,Antal hushåll,2024,912
