% av total boende;Antal bostadsrätter;Antal hyresrätter;Antal äganderätter;ContentsCode;Region;Stadsdel;stadsdelsomrade;Statistikområde;Tid;Upplatelseform;Upplåtelseform_Stor;value
0;;;0;Antal;0180R001_RegSO2025;Abrahamsberg;Bromma;0180R001 Abrahamsberg;2024;äganderätt;Äganderätt;0
0,434698795;902;;;Antal;0180R001_RegSO2025;Abrahamsberg;Bromma;0180R001 Abrahamsberg;2024;bostadsrätt;Bostadsrätt;902
0,565301205;;1173;;Antal;0180R001_RegSO2025;Abrahamsberg;Bromma;0180R001 Abrahamsberg;2024;hyresrätt;Hyresrätt;1173
;;;;Antal;0180R001_RegSO2025;Abrahamsberg;Bromma;0180R001 Abrahamsberg;2024;uppgift saknas;Uppgift saknas;0
0,041049308;;;169;Antal;0180R002_RegSO2025;Akalla;;0180R002 Akalla;2024;äganderätt;Äganderätt;169
0,70002429;2882;;;Antal;0180R002_RegSO2025;Akalla;;0180R002 Akalla;2024;bostadsrätt;Bostadsrätt;2882
0,258926403;;1066;;Antal;0180R002_RegSO2025;Akalla;;0180R002 Akalla;2024;hyresrätt;Hyresrätt;1066
;;;;Antal;0180R002_RegSO2025;Akalla;;0180R002 Akalla;2024;uppgift saknas;Uppgift saknas;0
0,036842105;;;35;Antal;0180R003_RegSO2025;Alvik;Bromma;0180R003 Alvik;2024;äganderätt;Äganderätt;35
0,577894737;549;;;Antal;0180R003_RegSO2025;Alvik;Bromma;0180R003 Alvik;2024;bostadsrätt;Bostadsrätt;549
0,385263158;;366;;Antal;0180R003_RegSO2025;Alvik;Bromma;0180R003 Alvik;2024;hyresrätt;Hyresrätt;366
;;;;Antal;0180R003_RegSO2025;Alvik;Bromma;0180R003 Alvik;2024;uppgift saknas;Uppgift saknas;0
0,011050876;;;53;Antal;0180R004_RegSO2025;Aspudden;Hägersten-Älvsjö;0180R004 Aspudden;2024;äganderätt;Äganderätt;53
0,51000834;2446;;;Antal;0180R004_RegSO2025;Aspudden;Hägersten-Älvsjö;0180R004 Aspudden;2024;bostadsrätt;Bostadsrätt;2446
0,478940784;;2297;;Antal;0180R004_RegSO2025;Aspudden;Hägersten-Älvsjö;0180R004 Aspudden;2024;hyresrätt;Hyresrätt;2297
;;;;Antal;0180R004_RegSO2025;Aspudden;Hägersten-Älvsjö;0180R004 Aspudden;2024;uppgift saknas;Uppgift saknas;0
0,064242424;;;371;Antal;0180R005_RegSO2025;Bagarmossen;;0180R005 Bagarmossen;2024;äganderätt;Äganderätt;371
0,298528139;1724;;;Antal;0180R005_RegSO2025;Bagarmossen;;0180R005 Bagarmossen;2024;bostadsrätt;Bostadsrätt;1724
0,637229437;;3680;;Antal;0180R005_RegSO2025;Bagarmossen;;0180R005 Bagarmossen;2024;hyresrätt;Hyresrätt;3680
;;;;Antal;0180R005_RegSO2025;Bagarmossen;;0180R005 Bagarmossen;2024;uppgift saknas;Uppgift saknas;0
0,016479895;;;75;Antal;0180R006_RegSO2025;Bandhagen;;0180R006 Bandhagen;2024;äganderätt;Äganderätt;75
0,282135794;1284;;;Antal;0180R006_RegSO2025;Bandhagen;;0180R006 Bandhagen;2024;bostadsrätt;Bostadsrätt;1284
0,701384311;;3192;;Antal;0180R006_RegSO2025;Bandhagen;;0180R006 Bandhagen;2024;hyresrätt;Hyresrätt;3192
;;;;Antal;0180R006_RegSO2025;Bandhagen;;0180R006 Bandhagen;2024;uppgift saknas;Uppgift saknas;0
0,077592458;;;214;Antal;0180R007_RegSO2025;Beckomberga;Bromma;0180R007 Beckomberga;2024;äganderätt;Äganderätt;214
0,673676577;1858;;;Antal;0180R007_RegSO2025;Beckomberga;Bromma;0180R007 Beckomberga;2024;bostadsrätt;Bostadsrätt;1858
0,248730964;;686;;Antal;0180R007_RegSO2025;Beckomberga;Bromma;0180R007 Beckomberga;2024;hyresrätt;Hyresrätt;686
;;;;Antal;0180R007_RegSO2025;Beckomberga;Bromma;0180R007 Beckomberga;2024;uppgift saknas;Uppgift saknas;0
0,023577236;;;87;Antal;0180R008_RegSO2025;Björkhagen;;0180R008 Björkhagen;2024;äganderätt;Äganderätt;87
0,52303523;1930;;;Antal;0180R008_RegSO2025;Björkhagen;;0180R008 Björkhagen;2024;bostadsrätt;Bostadsrätt;1930
0,453387534;;1673;;Antal;0180R008_RegSO2025;Björkhagen;;0180R008 Björkhagen;2024;hyresrätt;Hyresrätt;1673
;;;;Antal;0180R008_RegSO2025;Björkhagen;;0180R008 Björkhagen;2024;uppgift saknas;Uppgift saknas;0
0,006366969;;;33;Antal;0180R009_RegSO2025;Blackeberg;Bromma;0180R009 Blackeberg;2024;äganderätt;Äganderätt;33
0,397839089;2062;;;Antal;0180R009_RegSO2025;Blackeberg;Bromma;0180R009 Blackeberg;2024;bostadsrätt;Bostadsrätt;2062
0,595793942;;3088;;Antal;0180R009_RegSO2025;Blackeberg;Bromma;0180R009 Blackeberg;2024;hyresrätt;Hyresrätt;3088
;;;;Antal;0180R009_RegSO2025;Blackeberg;Bromma;0180R009 Blackeberg;2024;uppgift saknas;Uppgift saknas;0
0,062782917;;;319;Antal;0180R010_RegSO2025;Bredäng;;0180R010 Bredäng;2024;äganderätt;Äganderätt;319
0,142098012;722;;;Antal;0180R010_RegSO2025;Bredäng;;0180R010 Bredäng;2024;bostadsrätt;Bostadsrätt;722
0,795119071;;4040;;Antal;0180R010_RegSO2025;Bredäng;;0180R010 Bredäng;2024;hyresrätt;Hyresrätt;4040
;;;;Antal;0180R010_RegSO2025;Bredäng;;0180R010 Bredäng;2024;uppgift saknas;Uppgift saknas;0
0,861111111;;;744;Antal;0180R011_RegSO2025;Bromma kyrka;Bromma;0180R011 Bromma kyrka;2024;äganderätt;Äganderätt;744
0,060185185;52;;;Antal;0180R011_RegSO2025;Bromma kyrka;Bromma;0180R011 Bromma kyrka;2024;bostadsrätt;Bostadsrätt;52
0,078703704;;68;;Antal;0180R011_RegSO2025;Bromma kyrka;Bromma;0180R011 Bromma kyrka;2024;hyresrätt;Hyresrätt;68
;;;;Antal;0180R011_RegSO2025;Bromma kyrka;Bromma;0180R011 Bromma kyrka;2024;uppgift saknas;Uppgift saknas;0
0,259347653;;;978;Antal;0180R012_RegSO2025;Bromsten;;0180R012 Bromsten;2024;äganderätt;Äganderätt;978
0,249801114;942;;;Antal;0180R012_RegSO2025;Bromsten;;0180R012 Bromsten;2024;bostadsrätt;Bostadsrätt;942
0,490851233;;1851;;Antal;0180R012_RegSO2025;Bromsten;;0180R012 Bromsten;2024;hyresrätt;Hyresrätt;1851
;;;;Antal;0180R012_RegSO2025;Bromsten;;0180R012 Bromsten;2024;uppgift saknas;Uppgift saknas;0
0,885608856;;;240;Antal;0180R013_RegSO2025;Bällsta;Bromma;0180R013 Bällsta;2024;äganderätt;Äganderätt;240
0,051660517;14;;;Antal;0180R013_RegSO2025;Bällsta;Bromma;0180R013 Bällsta;2024;bostadsrätt;Bostadsrätt;14
0,062730627;;17;;Antal;0180R013_RegSO2025;Bällsta;Bromma;0180R013 Bällsta;2024;hyresrätt;Hyresrätt;17
;;;;Antal;0180R013_RegSO2025;Bällsta;Bromma;0180R013 Bällsta;2024;uppgift saknas;Uppgift saknas;0
0,249363868;;;98;Antal;0180R014_RegSO2025;Djurgården;;0180R014 Djurgården;2024;äganderätt;Äganderätt;98
0,129770992;51;;;Antal;0180R014_RegSO2025;Djurgården;;0180R014 Djurgården;2024;bostadsrätt;Bostadsrätt;51
0,62086514;;244;;Antal;0180R014_RegSO2025;Djurgården;;0180R014 Djurgården;2024;hyresrätt;Hyresrätt;244
;;;;Antal;0180R014_RegSO2025;Djurgården;;0180R014 Djurgården;2024;uppgift saknas;Uppgift saknas;0
0,925423729;;;273;Antal;0180R015_RegSO2025;Eneby;Bromma;0180R015 Eneby;2024;äganderätt;Äganderätt;273
0,044067797;13;;;Antal;0180R015_RegSO2025;Eneby;Bromma;0180R015 Eneby;2024;bostadsrätt;Bostadsrätt;13
0,030508475;;9;;Antal;0180R015_RegSO2025;Eneby;Bromma;0180R015 Eneby;2024;hyresrätt;Hyresrätt;9
;;;;Antal;0180R015_RegSO2025;Eneby;Bromma;0180R015 Eneby;2024;uppgift saknas;Uppgift saknas;0
0,000286574;;;2;Antal;0180R016_RegSO2025;Engelbrekts kyrka;;0180R016 Engelbrekts kyrka;2024;äganderätt;Äganderätt;2
0,740220662;5166;;;Antal;0180R016_RegSO2025;Engelbrekts kyrka;;0180R016 Engelbrekts kyrka;2024;bostadsrätt;Bostadsrätt;5166
0,259492764;;1811;;Antal;0180R016_RegSO2025;Engelbrekts kyrka;;0180R016 Engelbrekts kyrka;2024;hyresrätt;Hyresrätt;1811
;;;;Antal;0180R016_RegSO2025;Engelbrekts kyrka;;0180R016 Engelbrekts kyrka;2024;uppgift saknas;Uppgift saknas;0
0,270464964;;;413;Antal;0180R017_RegSO2025;Enskede Gård;;0180R017 Enskede Gård;2024;äganderätt;Äganderätt;413
0,203667322;311;;;Antal;0180R017_RegSO2025;Enskede Gård;;0180R017 Enskede Gård;2024;bostadsrätt;Bostadsrätt;311
0,525867714;;803;;Antal;0180R017_RegSO2025;Enskede Gård;;0180R017 Enskede Gård;2024;hyresrätt;Hyresrätt;803
;;;;Antal;0180R017_RegSO2025;Enskede Gård;;0180R017 Enskede Gård;2024;uppgift saknas;Uppgift saknas;0
0,41680261;;;511;Antal;0180R018_RegSO2025;Enskededalen;;0180R018 Enskededalen;2024;äganderätt;Äganderätt;511
0,35725938;438;;;Antal;0180R018_RegSO2025;Enskededalen;;0180R018 Enskededalen;2024;bostadsrätt;Bostadsrätt;438
0,22593801;;277;;Antal;0180R018_RegSO2025;Enskededalen;;0180R018 Enskededalen;2024;hyresrätt;Hyresrätt;277
;;;;Antal;0180R018_RegSO2025;Enskededalen;;0180R018 Enskededalen;2024;uppgift saknas;Uppgift saknas;0
0,528720627;;;405;Antal;0180R019_RegSO2025;Enskedefältet;;0180R019 Enskedefältet;2024;äganderätt;Äganderätt;405
0,09921671;76;;;Antal;0180R019_RegSO2025;Enskedefältet;;0180R019 Enskedefältet;2024;bostadsrätt;Bostadsrätt;76
0,372062663;;285;;Antal;0180R019_RegSO2025;Enskedefältet;;0180R019 Enskedefältet;2024;hyresrätt;Hyresrätt;285
;;;;Antal;0180R019_RegSO2025;Enskedefältet;;0180R019 Enskedefältet;2024;uppgift saknas;Uppgift saknas;0
0,154220779;;;190;Antal;0180R020_RegSO2025;Fagersjö;;0180R020 Fagersjö;2024;äganderätt;Äganderätt;190
0,243506494;300;;;Antal;0180R020_RegSO2025;Fagersjö;;0180R020 Fagersjö;2024;bostadsrätt;Bostadsrätt;300
0,602272727;;742;;Antal;0180R020_RegSO2025;Fagersjö;;0180R020 Fagersjö;2024;hyresrätt;Hyresrätt;742
;;;;Antal;0180R020_RegSO2025;Fagersjö;;0180R020 Fagersjö;2024;uppgift saknas;Uppgift saknas;0
0,053887606;;;420;Antal;0180R021_RegSO2025;Farsta;;0180R021 Farsta;2024;äganderätt;Äganderätt;420
0,439697203;3427;;;Antal;0180R021_RegSO2025;Farsta;;0180R021 Farsta;2024;bostadsrätt;Bostadsrätt;3427
0,506415191;;3947;;Antal;0180R021_RegSO2025;Farsta;;0180R021 Farsta;2024;hyresrätt;Hyresrätt;3947
;;;;Antal;0180R021_RegSO2025;Farsta;;0180R021 Farsta;2024;uppgift saknas;Uppgift saknas;0
0,788461538;;;656;Antal;0180R022_RegSO2025;Flysta;;0180R022 Flysta;2024;äganderätt;Äganderätt;656
0,007211538;6;;;Antal;0180R022_RegSO2025;Flysta;;0180R022 Flysta;2024;bostadsrätt;Bostadsrätt;6
0,204326923;;170;;Antal;0180R022_RegSO2025;Flysta;;0180R022 Flysta;2024;hyresrätt;Hyresrätt;170
;;;;Antal;0180R022_RegSO2025;Flysta;;0180R022 Flysta;2024;uppgift saknas;Uppgift saknas;0
0;;;0;Antal;0180R023_RegSO2025;Fredhäll;;0180R023 Fredhäll;2024;äganderätt;Äganderätt;0
0,566840731;2171;;;Antal;0180R023_RegSO2025;Fredhäll;;0180R023 Fredhäll;2024;bostadsrätt;Bostadsrätt;2171
0,433159269;;1659;;Antal;0180R023_RegSO2025;Fredhäll;;0180R023 Fredhäll;2024;hyresrätt;Hyresrätt;1659
;;;;Antal;0180R023_RegSO2025;Fredhäll;;0180R023 Fredhäll;2024;uppgift saknas;Uppgift saknas;0
0,026888604;;;147;Antal;0180R024_RegSO2025;Fruängen;Hägersten-Älvsjö;0180R024 Fruängen;2024;äganderätt;Äganderätt;147
0,638375709;3490;;;Antal;0180R024_RegSO2025;Fruängen;Hägersten-Älvsjö;0180R024 Fruängen;2024;bostadsrätt;Bostadsrätt;3490
0,334735687;;1830;;Antal;0180R024_RegSO2025;Fruängen;Hägersten-Älvsjö;0180R024 Fruängen;2024;hyresrätt;Hyresrätt;1830
;;;;Antal;0180R024_RegSO2025;Fruängen;Hägersten-Älvsjö;0180R024 Fruängen;2024;uppgift saknas;Uppgift saknas;0
0,176735093;;;904;Antal;0180R025_RegSO2025;Gamla Enskede;;0180R025 Gamla Enskede;2024;äganderätt;Äganderätt;904
0,46001955;2353;;;Antal;0180R025_RegSO2025;Gamla Enskede;;0180R025 Gamla Enskede;2024;bostadsrätt;Bostadsrätt;2353
0,363245357;;1858;;Antal;0180R025_RegSO2025;Gamla Enskede;;0180R025 Gamla Enskede;2024;hyresrätt;Hyresrätt;1858
;;;;Antal;0180R025_RegSO2025;Gamla Enskede;;0180R025 Gamla Enskede;2024;uppgift saknas;Uppgift saknas;0
0;;;0;Antal;0180R026_RegSO2025;Grimsta;;0180R026 Grimsta;2024;äganderätt;Äganderätt;0
0,281905594;645;;;Antal;0180R026_RegSO2025;Grimsta;;0180R026 Grimsta;2024;bostadsrätt;Bostadsrätt;645
0,718094406;;1643;;Antal;0180R026_RegSO2025;Grimsta;;0180R026 Grimsta;2024;hyresrätt;Hyresrätt;1643
;;;;Antal;0180R026_RegSO2025;Grimsta;;0180R026 Grimsta;2024;uppgift saknas;Uppgift saknas;0
0,001051525;;;5;Antal;0180R027_RegSO2025;Gröndal;Hägersten-Älvsjö;0180R027 Gröndal;2024;äganderätt;Äganderätt;5
0,697371188;3316;;;Antal;0180R027_RegSO2025;Gröndal;Hägersten-Älvsjö;0180R027 Gröndal;2024;bostadsrätt;Bostadsrätt;3316
0,301577287;;1434;;Antal;0180R027_RegSO2025;Gröndal;Hägersten-Älvsjö;0180R027 Gröndal;2024;hyresrätt;Hyresrätt;1434
;;;;Antal;0180R027_RegSO2025;Gröndal;Hägersten-Älvsjö;0180R027 Gröndal;2024;uppgift saknas;Uppgift saknas;0
0,06773399;;;220;Antal;0180R028_RegSO2025;Gubbängen;;0180R028 Gubbängen;2024;äganderätt;Äganderätt;220
0,43226601;1404;;;Antal;0180R028_RegSO2025;Gubbängen;;0180R028 Gubbängen;2024;bostadsrätt;Bostadsrätt;1404
0,5;;1624;;Antal;0180R028_RegSO2025;Gubbängen;;0180R028 Gubbängen;2024;hyresrätt;Hyresrätt;1624
;;;;Antal;0180R028_RegSO2025;Gubbängen;;0180R028 Gubbängen;2024;uppgift saknas;Uppgift saknas;0
0,00112638;;;10;Antal;0180R029_RegSO2025;Gustav Vasa;;0180R029 Gustav Vasa;2024;äganderätt;Äganderätt;10
0,642036495;5700;;;Antal;0180R029_RegSO2025;Gustav Vasa;;0180R029 Gustav Vasa;2024;bostadsrätt;Bostadsrätt;5700
0,356837125;;3168;;Antal;0180R029_RegSO2025;Gustav Vasa;;0180R029 Gustav Vasa;2024;hyresrätt;Hyresrätt;3168
;;;;Antal;0180R029_RegSO2025;Gustav Vasa;;0180R029 Gustav Vasa;2024;uppgift saknas;Uppgift saknas;0
0,000642178;;;10;Antal;0180R030_RegSO2025;Gärdet;;0180R030 Gärdet;2024;äganderätt;Äganderätt;10
0,598638582;9322;;;Antal;0180R030_RegSO2025;Gärdet;;0180R030 Gärdet;2024;bostadsrätt;Bostadsrätt;9322
0,40071924;;6240;;Antal;0180R030_RegSO2025;Gärdet;;0180R030 Gärdet;2024;hyresrätt;Hyresrätt;6240
;;;;Antal;0180R030_RegSO2025;Gärdet;;0180R030 Gärdet;2024;uppgift saknas;Uppgift saknas;0
0,027120202;;;118;Antal;0180R031_RegSO2025;Hagsätra;;0180R031 Hagsätra;2024;äganderätt;Äganderätt;118
0,413698;1800;;;Antal;0180R031_RegSO2025;Hagsätra;;0180R031 Hagsätra;2024;bostadsrätt;Bostadsrätt;1800
0,559181797;;2433;;Antal;0180R031_RegSO2025;Hagsätra;;0180R031 Hagsätra;2024;hyresrätt;Hyresrätt;2433
;;;;Antal;0180R031_RegSO2025;Hagsätra;;0180R031 Hagsätra;2024;uppgift saknas;Uppgift saknas;0
0,003289474;;;21;Antal;0180R032_RegSO2025;Hammarbyhöjden;;0180R032 Hammarbyhöjden;2024;äganderätt;Äganderätt;21
0,698464912;4459;;;Antal;0180R032_RegSO2025;Hammarbyhöjden;;0180R032 Hammarbyhöjden;2024;bostadsrätt;Bostadsrätt;4459
0,298245614;;1904;;Antal;0180R032_RegSO2025;Hammarbyhöjden;;0180R032 Hammarbyhöjden;2024;hyresrätt;Hyresrätt;1904
;;;;Antal;0180R032_RegSO2025;Hammarbyhöjden;;0180R032 Hammarbyhöjden;2024;uppgift saknas;Uppgift saknas;0
0,000409165;;;3;Antal;0180R033_RegSO2025;Hedvig Eleonora;;0180R033 Hedvig Eleonora;2024;äganderätt;Äganderätt;3
0,692853246;5080;;;Antal;0180R033_RegSO2025;Hedvig Eleonora;;0180R033 Hedvig Eleonora;2024;bostadsrätt;Bostadsrätt;5080
0,306737589;;2249;;Antal;0180R033_RegSO2025;Hedvig Eleonora;;0180R033 Hedvig Eleonora;2024;hyresrätt;Hyresrätt;2249
;;;;Antal;0180R033_RegSO2025;Hedvig Eleonora;;0180R033 Hedvig Eleonora;2024;uppgift saknas;Uppgift saknas;0
0,947502117;;;1119;Antal;0180R034_RegSO2025;Herrängen;;0180R034 Herrängen;2024;äganderätt;Äganderätt;1119
0,033869602;40;;;Antal;0180R034_RegSO2025;Herrängen;;0180R034 Herrängen;2024;bostadsrätt;Bostadsrätt;40
0,018628281;;22;;Antal;0180R034_RegSO2025;Herrängen;;0180R034 Herrängen;2024;hyresrätt;Hyresrätt;22
;;;;Antal;0180R034_RegSO2025;Herrängen;;0180R034 Herrängen;2024;uppgift saknas;Uppgift saknas;0
0,000421319;;;2;Antal;0180R035_RegSO2025;Hjorthagen-Värtahamnen;;0180R035 Hjorthagen-Värtahamnen;2024;äganderätt;Äganderätt;2
0,566041711;2687;;;Antal;0180R035_RegSO2025;Hjorthagen-Värtahamnen;;0180R035 Hjorthagen-Värtahamnen;2024;bostadsrätt;Bostadsrätt;2687
0,433536971;;2058;;Antal;0180R035_RegSO2025;Hjorthagen-Värtahamnen;;0180R035 Hjorthagen-Värtahamnen;2024;hyresrätt;Hyresrätt;2058
;;;;Antal;0180R035_RegSO2025;Hjorthagen-Värtahamnen;;0180R035 Hjorthagen-Värtahamnen;2024;uppgift saknas;Uppgift saknas;0
0;;;0;Antal;0180R036_RegSO2025;Husby;;0180R036 Husby;2024;äganderätt;Äganderätt;0
0,181981982;909;;;Antal;0180R036_RegSO2025;Husby;;0180R036 Husby;2024;bostadsrätt;Bostadsrätt;909
0,818018018;;4086;;Antal;0180R036_RegSO2025;Husby;;0180R036 Husby;2024;hyresrätt;Hyresrätt;4086
;;;;Antal;0180R036_RegSO2025;Husby;;0180R036 Husby;2024;uppgift saknas;Uppgift saknas;0
0,216677905;;;964;Antal;0180R037_RegSO2025;Hägersten;Hägersten-Älvsjö;0180R037 Hägersten;2024;äganderätt;Äganderätt;964
0,394470668;1755;;;Antal;0180R037_RegSO2025;Hägersten;Hägersten-Älvsjö;0180R037 Hägersten;2024;bostadsrätt;Bostadsrätt;1755
0,388851427;;1730;;Antal;0180R037_RegSO2025;Hägersten;Hägersten-Älvsjö;0180R037 Hägersten;2024;hyresrätt;Hyresrätt;1730
;;;;Antal;0180R037_RegSO2025;Hägersten;Hägersten-Älvsjö;0180R037 Hägersten;2024;uppgift saknas;Uppgift saknas;0
0,007461182;;;37;Antal;0180R038_RegSO2025;Hägerstensåsen;Hägersten-Älvsjö;0180R038 Hägerstensåsen;2024;äganderätt;Äganderätt;37
0,393022787;1949;;;Antal;0180R038_RegSO2025;Hägerstensåsen;Hägersten-Älvsjö;0180R038 Hägerstensåsen;2024;bostadsrätt;Bostadsrätt;1949
0,599516031;;2973;;Antal;0180R038_RegSO2025;Hägerstensåsen;Hägersten-Älvsjö;0180R038 Hägerstensåsen;2024;hyresrätt;Hyresrätt;2973
;;;;Antal;0180R038_RegSO2025;Hägerstensåsen;Hägersten-Älvsjö;0180R038 Hägerstensåsen;2024;uppgift saknas;Uppgift saknas;0
0,055632823;;;320;Antal;0180R039_RegSO2025;Hässelby Gård;;0180R039 Hässelby Gård;2024;äganderätt;Äganderätt;320
0,175938804;1012;;;Antal;0180R039_RegSO2025;Hässelby Gård;;0180R039 Hässelby Gård;2024;bostadsrätt;Bostadsrätt;1012
0,768428373;;4420;;Antal;0180R039_RegSO2025;Hässelby Gård;;0180R039 Hässelby Gård;2024;hyresrätt;Hyresrätt;4420
;;;;Antal;0180R039_RegSO2025;Hässelby Gård;;0180R039 Hässelby Gård;2024;uppgift saknas;Uppgift saknas;0
0;;;0;Antal;0180R040_RegSO2025;Hässelby Strand;;0180R040 Hässelby Strand;2024;äganderätt;Äganderätt;0
0,354783355;1654;;;Antal;0180R040_RegSO2025;Hässelby Strand;;0180R040 Hässelby Strand;2024;bostadsrätt;Bostadsrätt;1654
0,645216645;;3008;;Antal;0180R040_RegSO2025;Hässelby Strand;;0180R040 Hässelby Strand;2024;hyresrätt;Hyresrätt;3008
;;;;Antal;0180R040_RegSO2025;Hässelby Strand;;0180R040 Hässelby Strand;2024;uppgift saknas;Uppgift saknas;0
0,679685265;;;4751;Antal;0180R041_RegSO2025;Hässelby Villastad;;0180R041 Hässelby Villastad;2024;äganderätt;Äganderätt;4751
0,108440629;758;;;Antal;0180R041_RegSO2025;Hässelby Villastad;;0180R041 Hässelby Villastad;2024;bostadsrätt;Bostadsrätt;758
0,211874106;;1481;;Antal;0180R041_RegSO2025;Hässelby Villastad;;0180R041 Hässelby Villastad;2024;hyresrätt;Hyresrätt;1481
;;;;Antal;0180R041_RegSO2025;Hässelby Villastad;;0180R041 Hässelby Villastad;2024;uppgift saknas;Uppgift saknas;0
0,052088706;;;303;Antal;0180R042_RegSO2025;Högdalen;;0180R042 Högdalen;2024;äganderätt;Äganderätt;303
0,418772563;2436;;;Antal;0180R042_RegSO2025;Högdalen;;0180R042 Högdalen;2024;bostadsrätt;Bostadsrätt;2436
0,529138731;;3078;;Antal;0180R042_RegSO2025;Högdalen;;0180R042 Högdalen;2024;hyresrätt;Hyresrätt;3078
;;;;Antal;0180R042_RegSO2025;Högdalen;;0180R042 Högdalen;2024;uppgift saknas;Uppgift saknas;0
0,765690377;;;366;Antal;0180R043_RegSO2025;Höglandet;Bromma;0180R043 Höglandet;2024;äganderätt;Äganderätt;366
0,140167364;67;;;Antal;0180R043_RegSO2025;Höglandet;Bromma;0180R043 Höglandet;2024;bostadsrätt;Bostadsrätt;67
0,094142259;;45;;Antal;0180R043_RegSO2025;Höglandet;Bromma;0180R043 Höglandet;2024;hyresrätt;Hyresrätt;45
;;;;Antal;0180R043_RegSO2025;Höglandet;Bromma;0180R043 Höglandet;2024;uppgift saknas;Uppgift saknas;0
0,015801354;;;91;Antal;0180R044_RegSO2025;Hökarängen;;0180R044 Hökarängen;2024;äganderätt;Äganderätt;91
0,197430109;1137;;;Antal;0180R044_RegSO2025;Hökarängen;;0180R044 Hökarängen;2024;bostadsrätt;Bostadsrätt;1137
0,786768536;;4531;;Antal;0180R044_RegSO2025;Hökarängen;;0180R044 Hökarängen;2024;hyresrätt;Hyresrätt;4531
;;;;Antal;0180R044_RegSO2025;Hökarängen;;0180R044 Hökarängen;2024;uppgift saknas;Uppgift saknas;0
0,00022805;;;1;Antal;0180R045_RegSO2025;Johanneshov;;0180R045 Johanneshov;2024;äganderätt;Äganderätt;1
0,484606613;2125;;;Antal;0180R045_RegSO2025;Johanneshov;;0180R045 Johanneshov;2024;bostadsrätt;Bostadsrätt;2125
0,515165336;;2259;;Antal;0180R045_RegSO2025;Johanneshov;;0180R045 Johanneshov;2024;hyresrätt;Hyresrätt;2259
;;;;Antal;0180R045_RegSO2025;Johanneshov;;0180R045 Johanneshov;2024;uppgift saknas;Uppgift saknas;0
0,064654594;;;482;Antal;0180R046_RegSO2025;Kista;;0180R046 Kista;2024;äganderätt;Äganderätt;482
0,533735748;3979;;;Antal;0180R046_RegSO2025;Kista;;0180R046 Kista;2024;bostadsrätt;Bostadsrätt;3979
0,401609658;;2994;;Antal;0180R046_RegSO2025;Kista;;0180R046 Kista;2024;hyresrätt;Hyresrätt;2994
;;;;Antal;0180R046_RegSO2025;Kista;;0180R046 Kista;2024;uppgift saknas;Uppgift saknas;0
0;;;0;Antal;0180R047_RegSO2025;Klara-Jacob;;0180R047 Klara-Jacob;2024;äganderätt;Äganderätt;0
0,405172414;564;;;Antal;0180R047_RegSO2025;Klara-Jacob;;0180R047 Klara-Jacob;2024;bostadsrätt;Bostadsrätt;564
0,594827586;;828;;Antal;0180R047_RegSO2025;Klara-Jacob;;0180R047 Klara-Jacob;2024;hyresrätt;Hyresrätt;828
;;;;Antal;0180R047_RegSO2025;Klara-Jacob;;0180R047 Klara-Jacob;2024;uppgift saknas;Uppgift saknas;0
0;;;0;Antal;0180R048_RegSO2025;Kristineberg;;0180R048 Kristineberg;2024;äganderätt;Äganderätt;0
0,705306655;3243;;;Antal;0180R048_RegSO2025;Kristineberg;;0180R048 Kristineberg;2024;bostadsrätt;Bostadsrätt;3243
0,294693345;;1355;;Antal;0180R048_RegSO2025;Kristineberg;;0180R048 Kristineberg;2024;hyresrätt;Hyresrätt;1355
;;;;Antal;0180R048_RegSO2025;Kristineberg;;0180R048 Kristineberg;2024;uppgift saknas;Uppgift saknas;0
0;;;0;Antal;0180R049_RegSO2025;Kungsholm;;0180R049 Kungsholm;2024;äganderätt;Äganderätt;0
0,757338397;9572;;;Antal;0180R049_RegSO2025;Kungsholm;;0180R049 Kungsholm;2024;bostadsrätt;Bostadsrätt;9572
0,242661603;;3067;;Antal;0180R049_RegSO2025;Kungsholm;;0180R049 Kungsholm;2024;hyresrätt;Hyresrätt;3067
;;;;Antal;0180R049_RegSO2025;Kungsholm;;0180R049 Kungsholm;2024;uppgift saknas;Uppgift saknas;0
0,994516792;;;1451;Antal;0180R050_RegSO2025;Kälvesta;;0180R050 Kälvesta;2024;äganderätt;Äganderätt;1451
0,003427005;5;;;Antal;0180R050_RegSO2025;Kälvesta;;0180R050 Kälvesta;2024;bostadsrätt;Bostadsrätt;5
0,002056203;;3;;Antal;0180R050_RegSO2025;Kälvesta;;0180R050 Kälvesta;2024;hyresrätt;Hyresrätt;3
;;;;Antal;0180R050_RegSO2025;Kälvesta;;0180R050 Kälvesta;2024;uppgift saknas;Uppgift saknas;0
0,004840271;;;15;Antal;0180R051_RegSO2025;Kärrtorp;;0180R051 Kärrtorp;2024;äganderätt;Äganderätt;15
0,418522104;1297;;;Antal;0180R051_RegSO2025;Kärrtorp;;0180R051 Kärrtorp;2024;bostadsrätt;Bostadsrätt;1297
0,576637625;;1787;;Antal;0180R051_RegSO2025;Kärrtorp;;0180R051 Kärrtorp;2024;hyresrätt;Hyresrätt;1787
;;;;Antal;0180R051_RegSO2025;Kärrtorp;;0180R051 Kärrtorp;2024;uppgift saknas;Uppgift saknas;0
0,108837971;;;133;Antal;0180R052_RegSO2025;Larsboda;;0180R052 Larsboda;2024;äganderätt;Äganderätt;133
0,72913257;891;;;Antal;0180R052_RegSO2025;Larsboda;;0180R052 Larsboda;2024;bostadsrätt;Bostadsrätt;891
0,16202946;;198;;Antal;0180R052_RegSO2025;Larsboda;;0180R052 Larsboda;2024;hyresrätt;Hyresrätt;198
;;;;Antal;0180R052_RegSO2025;Larsboda;;0180R052 Larsboda;2024;uppgift saknas;Uppgift saknas;0
0,026416851;;;227;Antal;0180R053_RegSO2025;Liljeholmen;Hägersten-Älvsjö;0180R053 Liljeholmen;2024;äganderätt;Äganderätt;227
0,717677179;6167;;;Antal;0180R053_RegSO2025;Liljeholmen;Hägersten-Älvsjö;0180R053 Liljeholmen;2024;bostadsrätt;Bostadsrätt;6167
0,25590597;;2199;;Antal;0180R053_RegSO2025;Liljeholmen;Hägersten-Älvsjö;0180R053 Liljeholmen;2024;hyresrätt;Hyresrätt;2199
;;;;Antal;0180R053_RegSO2025;Liljeholmen;Hägersten-Älvsjö;0180R053 Liljeholmen;2024;uppgift saknas;Uppgift saknas;0
0;;;0;Antal;0180R054_RegSO2025;Lilla Essingen;;0180R054 Lilla Essingen;2024;äganderätt;Äganderätt;0
0,671617695;2080;;;Antal;0180R054_RegSO2025;Lilla Essingen;;0180R054 Lilla Essingen;2024;bostadsrätt;Bostadsrätt;2080
0,328382305;;1017;;Antal;0180R054_RegSO2025;Lilla Essingen;;0180R054 Lilla Essingen;2024;hyresrätt;Hyresrätt;1017
;;;;Antal;0180R054_RegSO2025;Lilla Essingen;;0180R054 Lilla Essingen;2024;uppgift saknas;Uppgift saknas;0
0,325316456;;;257;Antal;0180R055_RegSO2025;Liseberg;Hägersten-Älvsjö;0180R055 Liseberg;2024;äganderätt;Äganderätt;257
0,167088608;132;;;Antal;0180R055_RegSO2025;Liseberg;Hägersten-Älvsjö;0180R055 Liseberg;2024;bostadsrätt;Bostadsrätt;132
0,507594937;;401;;Antal;0180R055_RegSO2025;Liseberg;Hägersten-Älvsjö;0180R055 Liseberg;2024;hyresrätt;Hyresrätt;401
;;;;Antal;0180R055_RegSO2025;Liseberg;Hägersten-Älvsjö;0180R055 Liseberg;2024;uppgift saknas;Uppgift saknas;0
0,451996041;;;1370;Antal;0180R056_RegSO2025;Långbro;;0180R056 Långbro;2024;äganderätt;Äganderätt;1370
0,358297592;1086;;;Antal;0180R056_RegSO2025;Långbro;;0180R056 Långbro;2024;bostadsrätt;Bostadsrätt;1086
0,189706368;;575;;Antal;0180R056_RegSO2025;Långbro;;0180R056 Långbro;2024;hyresrätt;Hyresrätt;575
;;;;Antal;0180R056_RegSO2025;Långbro;;0180R056 Långbro;2024;uppgift saknas;Uppgift saknas;0
0,887353879;;;835;Antal;0180R057_RegSO2025;Långsjö;Hägersten-Älvsjö;0180R057 Långsjö;2024;äganderätt;Äganderätt;835
0,074388948;70;;;Antal;0180R057_RegSO2025;Långsjö;Hägersten-Älvsjö;0180R057 Långsjö;2024;bostadsrätt;Bostadsrätt;70
0,038257173;;36;;Antal;0180R057_RegSO2025;Långsjö;Hägersten-Älvsjö;0180R057 Långsjö;2024;hyresrätt;Hyresrätt;36
;;;;Antal;0180R057_RegSO2025;Långsjö;Hägersten-Älvsjö;0180R057 Långsjö;2024;uppgift saknas;Uppgift saknas;0
0;;;0;Antal;0180R058_RegSO2025;Mariatorget;;0180R058 Mariatorget;2024;äganderätt;Äganderätt;0
0,576436782;5015;;;Antal;0180R058_RegSO2025;Mariatorget;;0180R058 Mariatorget;2024;bostadsrätt;Bostadsrätt;5015
0,423563218;;3685;;Antal;0180R058_RegSO2025;Mariatorget;;0180R058 Mariatorget;2024;hyresrätt;Hyresrätt;3685
;;;;Antal;0180R058_RegSO2025;Mariatorget;;0180R058 Mariatorget;2024;uppgift saknas;Uppgift saknas;0
0;;;0;Antal;0180R059_RegSO2025;Marieberg;;0180R059 Marieberg;2024;äganderätt;Äganderätt;0
0,852324987;1668;;;Antal;0180R059_RegSO2025;Marieberg;;0180R059 Marieberg;2024;bostadsrätt;Bostadsrätt;1668
0,147675013;;289;;Antal;0180R059_RegSO2025;Marieberg;;0180R059 Marieberg;2024;hyresrätt;Hyresrätt;289
;;;;Antal;0180R059_RegSO2025;Marieberg;;0180R059 Marieberg;2024;uppgift saknas;Uppgift saknas;0
0,021997982;;;109;Antal;0180R060_RegSO2025;Mariehäll;Bromma;0180R060 Mariehäll;2024;äganderätt;Äganderätt;109
0,61654894;3055;;;Antal;0180R060_RegSO2025;Mariehäll;Bromma;0180R060 Mariehäll;2024;bostadsrätt;Bostadsrätt;3055
0,361453078;;1791;;Antal;0180R060_RegSO2025;Mariehäll;Bromma;0180R060 Mariehäll;2024;hyresrätt;Hyresrätt;1791
;;;;Antal;0180R060_RegSO2025;Mariehäll;Bromma;0180R060 Mariehäll;2024;uppgift saknas;Uppgift saknas;0
0;;;0;Antal;0180R061_RegSO2025;Mellersta Högalid;;0180R061 Mellersta Högalid;2024;äganderätt;Äganderätt;0
0,535618878;3609;;;Antal;0180R061_RegSO2025;Mellersta Högalid;;0180R061 Mellersta Högalid;2024;bostadsrätt;Bostadsrätt;3609
0,464381122;;3129;;Antal;0180R061_RegSO2025;Mellersta Högalid;;0180R061 Mellersta Högalid;2024;hyresrätt;Hyresrätt;3129
;;;;Antal;0180R061_RegSO2025;Mellersta Högalid;;0180R061 Mellersta Högalid;2024;uppgift saknas;Uppgift saknas;0
0,001547117;;;11;Antal;0180R062_RegSO2025;Midsommarkransen;Hägersten-Älvsjö;0180R062 Midsommarkransen;2024;äganderätt;Äganderätt;11
0,613220816;4360;;;Antal;0180R062_RegSO2025;Midsommarkransen;Hägersten-Älvsjö;0180R062 Midsommarkransen;2024;bostadsrätt;Bostadsrätt;4360
0,385232068;;2739;;Antal;0180R062_RegSO2025;Midsommarkransen;Hägersten-Älvsjö;0180R062 Midsommarkransen;2024;hyresrätt;Hyresrätt;2739
;;;;Antal;0180R062_RegSO2025;Midsommarkransen;Hägersten-Älvsjö;0180R062 Midsommarkransen;2024;uppgift saknas;Uppgift saknas;0
0,655748663;;;981;Antal;0180R063_RegSO2025;Mälarhöjden;Hägersten-Älvsjö;0180R063 Mälarhöjden;2024;äganderätt;Äganderätt;981
0,289438503;433;;;Antal;0180R063_RegSO2025;Mälarhöjden;Hägersten-Älvsjö;0180R063 Mälarhöjden;2024;bostadsrätt;Bostadsrätt;433
0,054812834;;82;;Antal;0180R063_RegSO2025;Mälarhöjden;Hägersten-Älvsjö;0180R063 Mälarhöjden;2024;hyresrätt;Hyresrätt;82
;;;;Antal;0180R063_RegSO2025;Mälarhöjden;Hägersten-Älvsjö;0180R063 Mälarhöjden;2024;uppgift saknas;Uppgift saknas;0
0,417427969;;;594;Antal;0180R064_RegSO2025;Nockeby;Bromma;0180R064 Nockeby;2024;äganderätt;Äganderätt;594
0,235418131;335;;;Antal;0180R064_RegSO2025;Nockeby;Bromma;0180R064 Nockeby;2024;bostadsrätt;Bostadsrätt;335
0,3471539;;494;;Antal;0180R064_RegSO2025;Nockeby;Bromma;0180R064 Nockeby;2024;hyresrätt;Hyresrätt;494
;;;;Antal;0180R064_RegSO2025;Nockeby;Bromma;0180R064 Nockeby;2024;uppgift saknas;Uppgift saknas;0
0,329723877;;;609;Antal;0180R065_RegSO2025;Nockebyhov-Olovslund;;0180R065 Nockebyhov-Olovslund;2024;äganderätt;Äganderätt;609
0,326475365;603;;;Antal;0180R065_RegSO2025;Nockebyhov-Olovslund;;0180R065 Nockebyhov-Olovslund;2024;bostadsrätt;Bostadsrätt;603
0,343800758;;635;;Antal;0180R065_RegSO2025;Nockebyhov-Olovslund;;0180R065 Nockebyhov-Olovslund;2024;hyresrätt;Hyresrätt;635
;;;;Antal;0180R065_RegSO2025;Nockebyhov-Olovslund;;0180R065 Nockebyhov-Olovslund;2024;uppgift saknas;Uppgift saknas;0
0;;;0;Antal;0180R066_RegSO2025;Norra Adolf Fredrik;;0180R066 Norra Adolf Fredrik;2024;äganderätt;Äganderätt;0
0,731581043;1837;;;Antal;0180R066_RegSO2025;Norra Adolf Fredrik;;0180R066 Norra Adolf Fredrik;2024;bostadsrätt;Bostadsrätt;1837
0,268418957;;674;;Antal;0180R066_RegSO2025;Norra Adolf Fredrik;;0180R066 Norra Adolf Fredrik;2024;hyresrätt;Hyresrätt;674
;;;;Antal;0180R066_RegSO2025;Norra Adolf Fredrik;;0180R066 Norra Adolf Fredrik;2024;uppgift saknas;Uppgift saknas;0
0,000104188;;;1;Antal;0180R067_RegSO2025;Norra Högalid;;0180R067 Norra Högalid;2024;äganderätt;Äganderätt;1
0,573452803;5504;;;Antal;0180R067_RegSO2025;Norra Högalid;;0180R067 Norra Högalid;2024;bostadsrätt;Bostadsrätt;5504
0,426443009;;4093;;Antal;0180R067_RegSO2025;Norra Högalid;;0180R067 Norra Högalid;2024;hyresrätt;Hyresrätt;4093
;;;;Antal;0180R067_RegSO2025;Norra Högalid;;0180R067 Norra Högalid;2024;uppgift saknas;Uppgift saknas;0
0;;;0;Antal;0180R068_RegSO2025;Norra Johannes;;0180R068 Norra Johannes;2024;äganderätt;Äganderätt;0
0,676883997;3997;;;Antal;0180R068_RegSO2025;Norra Johannes;;0180R068 Norra Johannes;2024;bostadsrätt;Bostadsrätt;3997
0,323116003;;1908;;Antal;0180R068_RegSO2025;Norra Johannes;;0180R068 Norra Johannes;2024;hyresrätt;Hyresrätt;1908
;;;;Antal;0180R068_RegSO2025;Norra Johannes;;0180R068 Norra Johannes;2024;uppgift saknas;Uppgift saknas;0
0,156035329;;;477;Antal;0180R069_RegSO2025;Norra Skarpnäcks Gård;;0180R069 Norra Skarpnäcks Gård;2024;äganderätt;Äganderätt;477
0,433104351;1324;;;Antal;0180R069_RegSO2025;Norra Skarpnäcks Gård;;0180R069 Norra Skarpnäcks Gård;2024;bostadsrätt;Bostadsrätt;1324
0,410860321;;1256;;Antal;0180R069_RegSO2025;Norra Skarpnäcks Gård;;0180R069 Norra Skarpnäcks Gård;2024;hyresrätt;Hyresrätt;1256
;;;;Antal;0180R069_RegSO2025;Norra Skarpnäcks Gård;;0180R069 Norra Skarpnäcks Gård;2024;uppgift saknas;Uppgift saknas;0
0;;;0;Antal;0180R070_RegSO2025;Norra Sofia;;0180R070 Norra Sofia;2024;äganderätt;Äganderätt;0
0,523673158;2743;;;Antal;0180R070_RegSO2025;Norra Sofia;;0180R070 Norra Sofia;2024;bostadsrätt;Bostadsrätt;2743
0,476326842;;2495;;Antal;0180R070_RegSO2025;Norra Sofia;;0180R070 Norra Sofia;2024;hyresrätt;Hyresrätt;2495
;;;;Antal;0180R070_RegSO2025;Norra Sofia;;0180R070 Norra Sofia;2024;uppgift saknas;Uppgift saknas;0
0,564170117;;;1499;Antal;0180R071_RegSO2025;Norra Ängby;Bromma;0180R071 Norra Ängby;2024;äganderätt;Äganderätt;1499
0,13586752;361;;;Antal;0180R071_RegSO2025;Norra Ängby;Bromma;0180R071 Norra Ängby;2024;bostadsrätt;Bostadsrätt;361
0,299962364;;797;;Antal;0180R071_RegSO2025;Norra Ängby;Bromma;0180R071 Norra Ängby;2024;hyresrätt;Hyresrätt;797
;;;;Antal;0180R071_RegSO2025;Norra Ängby;Bromma;0180R071 Norra Ängby;2024;uppgift saknas;Uppgift saknas;0
0,762661955;;;1295;Antal;0180R072_RegSO2025;Nälsta;;0180R072 Nälsta;2024;äganderätt;Äganderätt;1295
0,10188457;173;;;Antal;0180R072_RegSO2025;Nälsta;;0180R072 Nälsta;2024;bostadsrätt;Bostadsrätt;173
0,135453475;;230;;Antal;0180R072_RegSO2025;Nälsta;;0180R072 Nälsta;2024;hyresrätt;Hyresrätt;230
;;;;Antal;0180R072_RegSO2025;Nälsta;;0180R072 Nälsta;2024;uppgift saknas;Uppgift saknas;0
0,000698882;;;7;Antal;0180R073_RegSO2025;Oscars kyrka;;0180R073 Oscars kyrka;2024;äganderätt;Äganderätt;7
0,770567093;7718;;;Antal;0180R073_RegSO2025;Oscars kyrka;;0180R073 Oscars kyrka;2024;bostadsrätt;Bostadsrätt;7718
0,228734026;;2291;;Antal;0180R073_RegSO2025;Oscars kyrka;;0180R073 Oscars kyrka;2024;hyresrätt;Hyresrätt;2291
;;;;Antal;0180R073_RegSO2025;Oscars kyrka;;0180R073 Oscars kyrka;2024;uppgift saknas;Uppgift saknas;0
0,000633312;;;1;Antal;0180R074_RegSO2025;Reimersholme-Långholmen;;0180R074 Reimersholme-Långholmen;2024;äganderätt;Äganderätt;1
0,848638379;1340;;;Antal;0180R074_RegSO2025;Reimersholme-Långholmen;;0180R074 Reimersholme-Långholmen;2024;bostadsrätt;Bostadsrätt;1340
0,150728309;;238;;Antal;0180R074_RegSO2025;Reimersholme-Långholmen;;0180R074 Reimersholme-Långholmen;2024;hyresrätt;Hyresrätt;238
;;;;Antal;0180R074_RegSO2025;Reimersholme-Långholmen;;0180R074 Reimersholme-Långholmen;2024;uppgift saknas;Uppgift saknas;0
0,001166181;;;4;Antal;0180R075_RegSO2025;Riksby-Åkeshov;;0180R075 Riksby-Åkeshov;2024;äganderätt;Äganderätt;4
0,804373178;2759;;;Antal;0180R075_RegSO2025;Riksby-Åkeshov;;0180R075 Riksby-Åkeshov;2024;bostadsrätt;Bostadsrätt;2759
0,194460641;;667;;Antal;0180R075_RegSO2025;Riksby-Åkeshov;;0180R075 Riksby-Åkeshov;2024;hyresrätt;Hyresrätt;667
;;;;Antal;0180R075_RegSO2025;Riksby-Åkeshov;;0180R075 Riksby-Åkeshov;2024;uppgift saknas;Uppgift saknas;0
0,023627401;;;139;Antal;0180R076_RegSO2025;Rinkeby;;0180R076 Rinkeby;2024;äganderätt;Äganderätt;139
0,045894952;270;;;Antal;0180R076_RegSO2025;Rinkeby;;0180R076 Rinkeby;2024;bostadsrätt;Bostadsrätt;270
0,930477647;;5474;;Antal;0180R076_RegSO2025;Rinkeby;;0180R076 Rinkeby;2024;hyresrätt;Hyresrätt;5474
;;;;Antal;0180R076_RegSO2025;Rinkeby;;0180R076 Rinkeby;2024;uppgift saknas;Uppgift saknas;0
0,059268099;;;298;Antal;0180R077_RegSO2025;Råcksta;Bromma;0180R077 Råcksta;2024;äganderätt;Äganderätt;298
0,308472554;1551;;;Antal;0180R077_RegSO2025;Råcksta;Bromma;0180R077 Råcksta;2024;bostadsrätt;Bostadsrätt;1551
0,632259348;;3179;;Antal;0180R077_RegSO2025;Råcksta;Bromma;0180R077 Råcksta;2024;hyresrätt;Hyresrätt;3179
;;;;Antal;0180R077_RegSO2025;Råcksta;Bromma;0180R077 Råcksta;2024;uppgift saknas;Uppgift saknas;0
0;;;0;Antal;0180R078_RegSO2025;Rågsved;;0180R078 Rågsved;2024;äganderätt;Äganderätt;0
0,254016971;1407;;;Antal;0180R078_RegSO2025;Rågsved;;0180R078 Rågsved;2024;bostadsrätt;Bostadsrätt;1407
0,745983029;;4132;;Antal;0180R078_RegSO2025;Rågsved;;0180R078 Rågsved;2024;hyresrätt;Hyresrätt;4132
;;;;Antal;0180R078_RegSO2025;Rågsved;;0180R078 Rågsved;2024;uppgift saknas;Uppgift saknas;0
0,146891121;;;541;Antal;0180R079_RegSO2025;Skärholmen;;0180R079 Skärholmen;2024;äganderätt;Äganderätt;541
0,300841705;1108;;;Antal;0180R079_RegSO2025;Skärholmen;;0180R079 Skärholmen;2024;bostadsrätt;Bostadsrätt;1108
0,552267173;;2034;;Antal;0180R079_RegSO2025;Skärholmen;;0180R079 Skärholmen;2024;hyresrätt;Hyresrätt;2034
;;;;Antal;0180R079_RegSO2025;Skärholmen;;0180R079 Skärholmen;2024;uppgift saknas;Uppgift saknas;0
0,23500297;;;1187;Antal;0180R080_RegSO2025;Sköndal;;0180R080 Sköndal;2024;äganderätt;Äganderätt;1187
0,310829539;1570;;;Antal;0180R080_RegSO2025;Sköndal;;0180R080 Sköndal;2024;bostadsrätt;Bostadsrätt;1570
0,454167492;;2294;;Antal;0180R080_RegSO2025;Sköndal;;0180R080 Sköndal;2024;hyresrätt;Hyresrätt;2294
;;;;Antal;0180R080_RegSO2025;Sköndal;;0180R080 Sköndal;2024;uppgift saknas;Uppgift saknas;0
0,513238289;;;504;Antal;0180R081_RegSO2025;Smedslätten;Bromma;0180R081 Smedslätten;2024;äganderätt;Äganderätt;504
0,290224033;285;;;Antal;0180R081_RegSO2025;Smedslätten;Bromma;0180R081 Smedslätten;2024;bostadsrätt;Bostadsrätt;285
0,196537678;;193;;Antal;0180R081_RegSO2025;Smedslätten;Bromma;0180R081 Smedslätten;2024;hyresrätt;Hyresrätt;193
;;;;Antal;0180R081_RegSO2025;Smedslätten;Bromma;0180R081 Smedslätten;2024;uppgift saknas;Uppgift saknas;0
0,04628331;;;330;Antal;0180R082_RegSO2025;Solberga;Hägersten-Älvsjö;0180R082 Solberga;2024;äganderätt;Äganderätt;330
0,429453015;3062;;;Antal;0180R082_RegSO2025;Solberga;Hägersten-Älvsjö;0180R082 Solberga;2024;bostadsrätt;Bostadsrätt;3062
0,524263675;;3738;;Antal;0180R082_RegSO2025;Solberga;Hägersten-Älvsjö;0180R082 Solberga;2024;hyresrätt;Hyresrätt;3738
;;;;Antal;0180R082_RegSO2025;Solberga;Hägersten-Älvsjö;0180R082 Solberga;2024;uppgift saknas;Uppgift saknas;0
0,564571429;;;1976;Antal;0180R083_RegSO2025;Solhem-Lunda;;0180R083 Solhem-Lunda;2024;äganderätt;Äganderätt;1976
0,291428571;1020;;;Antal;0180R083_RegSO2025;Solhem-Lunda;;0180R083 Solhem-Lunda;2024;bostadsrätt;Bostadsrätt;1020
0,144;;504;;Antal;0180R083_RegSO2025;Solhem-Lunda;;0180R083 Solhem-Lunda;2024;hyresrätt;Hyresrätt;504
;;;;Antal;0180R083_RegSO2025;Solhem-Lunda;;0180R083 Solhem-Lunda;2024;uppgift saknas;Uppgift saknas;0
0,012174565;;;65;Antal;0180R084_RegSO2025;Stadshagen;;0180R084 Stadshagen;2024;äganderätt;Äganderätt;65
0,518449148;2768;;;Antal;0180R084_RegSO2025;Stadshagen;;0180R084 Stadshagen;2024;bostadsrätt;Bostadsrätt;2768
0,469376288;;2506;;Antal;0180R084_RegSO2025;Stadshagen;;0180R084 Stadshagen;2024;hyresrätt;Hyresrätt;2506
;;;;Antal;0180R084_RegSO2025;Stadshagen;;0180R084 Stadshagen;2024;uppgift saknas;Uppgift saknas;0
0,112489661;;;272;Antal;0180R085_RegSO2025;Stora Essingen;;0180R085 Stora Essingen;2024;äganderätt;Äganderätt;272
0,61827957;1495;;;Antal;0180R085_RegSO2025;Stora Essingen;;0180R085 Stora Essingen;2024;bostadsrätt;Bostadsrätt;1495
0,269230769;;651;;Antal;0180R085_RegSO2025;Stora Essingen;;0180R085 Stora Essingen;2024;hyresrätt;Hyresrätt;651
;;;;Antal;0180R085_RegSO2025;Stora Essingen;;0180R085 Stora Essingen;2024;uppgift saknas;Uppgift saknas;0
0,474085366;;;311;Antal;0180R086_RegSO2025;Stora Mossen;;0180R086 Stora Mossen;2024;äganderätt;Äganderätt;311
0,390243902;256;;;Antal;0180R086_RegSO2025;Stora Mossen;;0180R086 Stora Mossen;2024;bostadsrätt;Bostadsrätt;256
0,135670732;;89;;Antal;0180R086_RegSO2025;Stora Mossen;;0180R086 Stora Mossen;2024;hyresrätt;Hyresrätt;89
;;;;Antal;0180R086_RegSO2025;Stora Mossen;;0180R086 Stora Mossen;2024;uppgift saknas;Uppgift saknas;0
0,002977667;;;6;Antal;0180R087_RegSO2025;Storkyrkan;;0180R087 Storkyrkan;2024;äganderätt;Äganderätt;6
0,37617866;758;;;Antal;0180R087_RegSO2025;Storkyrkan;;0180R087 Storkyrkan;2024;bostadsrätt;Bostadsrätt;758
0,620843672;;1251;;Antal;0180R087_RegSO2025;Storkyrkan;;0180R087 Storkyrkan;2024;hyresrätt;Hyresrätt;1251
;;;;Antal;0180R087_RegSO2025;Storkyrkan;;0180R087 Storkyrkan;2024;uppgift saknas;Uppgift saknas;0
0,242981366;;;978;Antal;0180R088_RegSO2025;Stureby;;0180R088 Stureby;2024;äganderätt;Äganderätt;978
0,416149068;1675;;;Antal;0180R088_RegSO2025;Stureby;;0180R088 Stureby;2024;bostadsrätt;Bostadsrätt;1675
0,340869565;;1372;;Antal;0180R088_RegSO2025;Stureby;;0180R088 Stureby;2024;hyresrätt;Hyresrätt;1372
;;;;Antal;0180R088_RegSO2025;Stureby;;0180R088 Stureby;2024;uppgift saknas;Uppgift saknas;0
0,223417994;;;519;Antal;0180R089_RegSO2025;Sundby;;0180R089 Sundby;2024;äganderätt;Äganderätt;519
0,086526044;201;;;Antal;0180R089_RegSO2025;Sundby;;0180R089 Sundby;2024;bostadsrätt;Bostadsrätt;201
0,690055962;;1603;;Antal;0180R089_RegSO2025;Sundby;;0180R089 Sundby;2024;hyresrätt;Hyresrätt;1603
;;;;Antal;0180R089_RegSO2025;Sundby;;0180R089 Sundby;2024;uppgift saknas;Uppgift saknas;1
0,182933631;;;328;Antal;0180R090_RegSO2025;Svedmyra;;0180R090 Svedmyra;2024;äganderätt;Äganderätt;328
0,438371445;786;;;Antal;0180R090_RegSO2025;Svedmyra;;0180R090 Svedmyra;2024;bostadsrätt;Bostadsrätt;786
0,378694925;;679;;Antal;0180R090_RegSO2025;Svedmyra;;0180R090 Svedmyra;2024;hyresrätt;Hyresrätt;679
;;;;Antal;0180R090_RegSO2025;Svedmyra;;0180R090 Svedmyra;2024;uppgift saknas;Uppgift saknas;0
0,00238379;;;2;Antal;0180R091_RegSO2025;Sydvästra Skarpnäcks gård-Orhem;;0180R091 Sydvästra Skarpnäcks gård-Orhem;2024;äganderätt;Äganderätt;2
0,99523242;835;;;Antal;0180R091_RegSO2025;Sydvästra Skarpnäcks gård-Orhem;;0180R091 Sydvästra Skarpnäcks gård-Orhem;2024;bostadsrätt;Bostadsrätt;835
0,00238379;;2;;Antal;0180R091_RegSO2025;Sydvästra Skarpnäcks gård-Orhem;;0180R091 Sydvästra Skarpnäcks gård-Orhem;2024;hyresrätt;Hyresrätt;2
;;;;Antal;0180R091_RegSO2025;Sydvästra Skarpnäcks gård-Orhem;;0180R091 Sydvästra Skarpnäcks gård-Orhem;2024;uppgift saknas;Uppgift saknas;0
0,152904328;;;537;Antal;0180R092_RegSO2025;Sätra;;0180R092 Sätra;2024;äganderätt;Äganderätt;537
0,278473804;978;;;Antal;0180R092_RegSO2025;Sätra;;0180R092 Sätra;2024;bostadsrätt;Bostadsrätt;978
0,568621868;;1997;;Antal;0180R092_RegSO2025;Sätra;;0180R092 Sätra;2024;hyresrätt;Hyresrätt;1997
;;;;Antal;0180R092_RegSO2025;Sätra;;0180R092 Sätra;2024;uppgift saknas;Uppgift saknas;0
0;;;0;Antal;0180R093_RegSO2025;Södra Adolf Fredrik;;0180R093 Södra Adolf Fredrik;2024;äganderätt;Äganderätt;0
0,620587142;1670;;;Antal;0180R093_RegSO2025;Södra Adolf Fredrik;;0180R093 Södra Adolf Fredrik;2024;bostadsrätt;Bostadsrätt;1670
0,379412858;;1021;;Antal;0180R093_RegSO2025;Södra Adolf Fredrik;;0180R093 Södra Adolf Fredrik;2024;hyresrätt;Hyresrätt;1021
;;;;Antal;0180R093_RegSO2025;Södra Adolf Fredrik;;0180R093 Södra Adolf Fredrik;2024;uppgift saknas;Uppgift saknas;0
0;;;0;Antal;0180R094_RegSO2025;Södra Hammarbyhamnen;;0180R094 Södra Hammarbyhamnen;2024;äganderätt;Äganderätt;0
0,643344889;6124;;;Antal;0180R094_RegSO2025;Södra Hammarbyhamnen;;0180R094 Södra Hammarbyhamnen;2024;bostadsrätt;Bostadsrätt;6124
0,356655111;;3395;;Antal;0180R094_RegSO2025;Södra Hammarbyhamnen;;0180R094 Södra Hammarbyhamnen;2024;hyresrätt;Hyresrätt;3395
;;;;Antal;0180R094_RegSO2025;Södra Hammarbyhamnen;;0180R094 Södra Hammarbyhamnen;2024;uppgift saknas;Uppgift saknas;0
0;;;0;Antal;0180R095_RegSO2025;Södra Högalid;;0180R095 Södra Högalid;2024;äganderätt;Äganderätt;0
0,578273441;1400;;;Antal;0180R095_RegSO2025;Södra Högalid;;0180R095 Södra Högalid;2024;bostadsrätt;Bostadsrätt;1400
0,421726559;;1021;;Antal;0180R095_RegSO2025;Södra Högalid;;0180R095 Södra Högalid;2024;hyresrätt;Hyresrätt;1021
;;;;Antal;0180R095_RegSO2025;Södra Högalid;;0180R095 Södra Högalid;2024;uppgift saknas;Uppgift saknas;0
0;;;0;Antal;0180R096_RegSO2025;Södra Johannes;;0180R096 Södra Johannes;2024;äganderätt;Äganderätt;0
0,585382994;833;;;Antal;0180R096_RegSO2025;Södra Johannes;;0180R096 Södra Johannes;2024;bostadsrätt;Bostadsrätt;833
0,414617006;;590;;Antal;0180R096_RegSO2025;Södra Johannes;;0180R096 Södra Johannes;2024;hyresrätt;Hyresrätt;590
;;;;Antal;0180R096_RegSO2025;Södra Johannes;;0180R096 Södra Johannes;2024;uppgift saknas;Uppgift saknas;0
0;;;0;Antal;0180R097_RegSO2025;Södra Sofia;;0180R097 Södra Sofia;2024;äganderätt;Äganderätt;0
0,594381271;4443;;;Antal;0180R097_RegSO2025;Södra Sofia;;0180R097 Södra Sofia;2024;bostadsrätt;Bostadsrätt;4443
0,405618729;;3032;;Antal;0180R097_RegSO2025;Södra Sofia;;0180R097 Södra Sofia;2024;hyresrätt;Hyresrätt;3032
;;;;Antal;0180R097_RegSO2025;Södra Sofia;;0180R097 Södra Sofia;2024;uppgift saknas;Uppgift saknas;0
0;;;0;Antal;0180R098_RegSO2025;Södra Station;;0180R098 Södra Station;2024;äganderätt;Äganderätt;0
0,858681023;1914;;;Antal;0180R098_RegSO2025;Södra Station;;0180R098 Södra Station;2024;bostadsrätt;Bostadsrätt;1914
0,141318977;;315;;Antal;0180R098_RegSO2025;Södra Station;;0180R098 Södra Station;2024;hyresrätt;Hyresrätt;315
;;;;Antal;0180R098_RegSO2025;Södra Station;;0180R098 Södra Station;2024;uppgift saknas;Uppgift saknas;0
0,901639344;;;495;Antal;0180R099_RegSO2025;Södra Ängby;Bromma;0180R099 Södra Ängby;2024;äganderätt;Äganderätt;495
0,089253188;49;;;Antal;0180R099_RegSO2025;Södra Ängby;Bromma;0180R099 Södra Ängby;2024;bostadsrätt;Bostadsrätt;49
0,009107468;;5;;Antal;0180R099_RegSO2025;Södra Ängby;Bromma;0180R099 Södra Ängby;2024;hyresrätt;Hyresrätt;5
;;;;Antal;0180R099_RegSO2025;Södra Ängby;Bromma;0180R099 Södra Ängby;2024;uppgift saknas;Uppgift saknas;0
0,40875596;;;943;Antal;0180R100_RegSO2025;Tallkrogen;;0180R100 Tallkrogen;2024;äganderätt;Äganderätt;943
0,030775899;71;;;Antal;0180R100_RegSO2025;Tallkrogen;;0180R100 Tallkrogen;2024;bostadsrätt;Bostadsrätt;71
0,56046814;;1293;;Antal;0180R100_RegSO2025;Tallkrogen;;0180R100 Tallkrogen;2024;hyresrätt;Hyresrätt;1293
;;;;Antal;0180R100_RegSO2025;Tallkrogen;;0180R100 Tallkrogen;2024;uppgift saknas;Uppgift saknas;0
0;;;0;Antal;0180R101_RegSO2025;Tekniska Högskolan;;0180R101 Tekniska Högskolan;2024;äganderätt;Äganderätt;0
0,188851514;786;;;Antal;0180R101_RegSO2025;Tekniska Högskolan;;0180R101 Tekniska Högskolan;2024;bostadsrätt;Bostadsrätt;786
0,811148486;;3376;;Antal;0180R101_RegSO2025;Tekniska Högskolan;;0180R101 Tekniska Högskolan;2024;hyresrätt;Hyresrätt;3376
;;;;Antal;0180R101_RegSO2025;Tekniska Högskolan;;0180R101 Tekniska Högskolan;2024;uppgift saknas;Uppgift saknas;0
0,017934539;;;120;Antal;0180R102_RegSO2025;Tensta;;0180R102 Tensta;2024;äganderätt;Äganderätt;120
0,200567927;1342;;;Antal;0180R102_RegSO2025;Tensta;;0180R102 Tensta;2024;bostadsrätt;Bostadsrätt;1342
0,781497534;;5229;;Antal;0180R102_RegSO2025;Tensta;;0180R102 Tensta;2024;hyresrätt;Hyresrätt;5229
;;;;Antal;0180R102_RegSO2025;Tensta;;0180R102 Tensta;2024;uppgift saknas;Uppgift saknas;0
0,000219491;;;1;Antal;0180R103_RegSO2025;Traneberg;Bromma;0180R103 Traneberg;2024;äganderätt;Äganderätt;1
0,596575944;2718;;;Antal;0180R103_RegSO2025;Traneberg;Bromma;0180R103 Traneberg;2024;bostadsrätt;Bostadsrätt;2718
0,403204565;;1837;;Antal;0180R103_RegSO2025;Traneberg;Bromma;0180R103 Traneberg;2024;hyresrätt;Hyresrätt;1837
;;;;Antal;0180R103_RegSO2025;Traneberg;Bromma;0180R103 Traneberg;2024;uppgift saknas;Uppgift saknas;0
0,189975748;;;235;Antal;0180R104_RegSO2025;Ulvsunda;Bromma;0180R104 Ulvsunda;2024;äganderätt;Äganderätt;235
0,304769604;377;;;Antal;0180R104_RegSO2025;Ulvsunda;Bromma;0180R104 Ulvsunda;2024;bostadsrätt;Bostadsrätt;377
0,505254648;;625;;Antal;0180R104_RegSO2025;Ulvsunda;Bromma;0180R104 Ulvsunda;2024;hyresrätt;Hyresrätt;625
;;;;Antal;0180R104_RegSO2025;Ulvsunda;Bromma;0180R104 Ulvsunda;2024;uppgift saknas;Uppgift saknas;0
0;;;0;Antal;0180R105_RegSO2025;Ulvsunda Industriområde;;0180R105 Ulvsunda Industriområde;2024;äganderätt;Äganderätt;0
0,669569672;1307;;;Antal;0180R105_RegSO2025;Ulvsunda Industriområde;;0180R105 Ulvsunda Industriområde;2024;bostadsrätt;Bostadsrätt;1307
0,330430328;;645;;Antal;0180R105_RegSO2025;Ulvsunda Industriområde;;0180R105 Ulvsunda Industriområde;2024;hyresrätt;Hyresrätt;645
;;;;Antal;0180R105_RegSO2025;Ulvsunda Industriområde;;0180R105 Ulvsunda Industriområde;2024;uppgift saknas;Uppgift saknas;0
0,008695652;;;30;Antal;0180R106_RegSO2025;Universitetet;;0180R106 Universitetet;2024;äganderätt;Äganderätt;30
0,145797101;503;;;Antal;0180R106_RegSO2025;Universitetet;;0180R106 Universitetet;2024;bostadsrätt;Bostadsrätt;503
0,845507246;;2917;;Antal;0180R106_RegSO2025;Universitetet;;0180R106 Universitetet;2024;hyresrätt;Hyresrätt;2917
;;;;Antal;0180R106_RegSO2025;Universitetet;;0180R106 Universitetet;2024;uppgift saknas;Uppgift saknas;0
0,507076923;;;824;Antal;0180R107_RegSO2025;Vinsta;;0180R107 Vinsta;2024;äganderätt;Äganderätt;824
0,228307692;371;;;Antal;0180R107_RegSO2025;Vinsta;;0180R107 Vinsta;2024;bostadsrätt;Bostadsrätt;371
0,264615385;;430;;Antal;0180R107_RegSO2025;Vinsta;;0180R107 Vinsta;2024;hyresrätt;Hyresrätt;430
;;;;Antal;0180R107_RegSO2025;Vinsta;;0180R107 Vinsta;2024;uppgift saknas;Uppgift saknas;0
0,133149044;;;578;Antal;0180R108_RegSO2025;Vårberg;;0180R108 Vårberg;2024;äganderätt;Äganderätt;578
0,122091684;530;;;Antal;0180R108_RegSO2025;Vårberg;;0180R108 Vårberg;2024;bostadsrätt;Bostadsrätt;530
0,744759272;;3233;;Antal;0180R108_RegSO2025;Vårberg;;0180R108 Vårberg;2024;hyresrätt;Hyresrätt;3233
;;;;Antal;0180R108_RegSO2025;Vårberg;;0180R108 Vårberg;2024;uppgift saknas;Uppgift saknas;0
0,050318761;;;221;Antal;0180R109_RegSO2025;Vällingby;;0180R109 Vällingby;2024;äganderätt;Äganderätt;221
0,472677596;2076;;;Antal;0180R109_RegSO2025;Vällingby;;0180R109 Vällingby;2024;bostadsrätt;Bostadsrätt;2076
0,477003643;;2095;;Antal;0180R109_RegSO2025;Vällingby;;0180R109 Vällingby;2024;hyresrätt;Hyresrätt;2095
;;;;Antal;0180R109_RegSO2025;Vällingby;;0180R109 Vällingby;2024;uppgift saknas;Uppgift saknas;0
0,06131355;;;281;Antal;0180R110_RegSO2025;Västberga;Hägersten-Älvsjö;0180R110 Västberga;2024;äganderätt;Äganderätt;281
0,610735326;2799;;;Antal;0180R110_RegSO2025;Västberga;Hägersten-Älvsjö;0180R110 Västberga;2024;bostadsrätt;Bostadsrätt;2799
0,327951124;;1503;;Antal;0180R110_RegSO2025;Västberga;Hägersten-Älvsjö;0180R110 Västberga;2024;hyresrätt;Hyresrätt;1503
;;;;Antal;0180R110_RegSO2025;Västberga;Hägersten-Älvsjö;0180R110 Västberga;2024;uppgift saknas;Uppgift saknas;0
0,012984002;;;56;Antal;0180R111_RegSO2025;Västertorp;Hägersten-Älvsjö;0180R111 Västertorp;2024;äganderätt;Äganderätt;56
0,372594482;1607;;;Antal;0180R111_RegSO2025;Västertorp;Hägersten-Älvsjö;0180R111 Västertorp;2024;bostadsrätt;Bostadsrätt;1607
0,614421516;;2650;;Antal;0180R111_RegSO2025;Västertorp;Hägersten-Älvsjö;0180R111 Västertorp;2024;hyresrätt;Hyresrätt;2650
;;;;Antal;0180R111_RegSO2025;Västertorp;Hägersten-Älvsjö;0180R111 Västertorp;2024;uppgift saknas;Uppgift saknas;0
0,297359357;;;259;Antal;0180R112_RegSO2025;Västra Farsta Strand-Farstanäset;;0180R112 Västra Farsta Strand-Farstanäset;2024;äganderätt;Äganderätt;259
0,509758898;444;;;Antal;0180R112_RegSO2025;Västra Farsta Strand-Farstanäset;;0180R112 Västra Farsta Strand-Farstanäset;2024;bostadsrätt;Bostadsrätt;444
0,192881745;;168;;Antal;0180R112_RegSO2025;Västra Farsta Strand-Farstanäset;;0180R112 Västra Farsta Strand-Farstanäset;2024;hyresrätt;Hyresrätt;168
;;;;Antal;0180R112_RegSO2025;Västra Farsta Strand-Farstanäset;;0180R112 Västra Farsta Strand-Farstanäset;2024;uppgift saknas;Uppgift saknas;0
0;;;0;Antal;0180R113_RegSO2025;Västra Katarina;;0180R113 Västra Katarina;2024;äganderätt;Äganderätt;0
0,46142043;4210;;;Antal;0180R113_RegSO2025;Västra Katarina;;0180R113 Västra Katarina;2024;bostadsrätt;Bostadsrätt;4210
0,53857957;;4914;;Antal;0180R113_RegSO2025;Västra Katarina;;0180R113 Västra Katarina;2024;hyresrätt;Hyresrätt;4914
;;;;Antal;0180R113_RegSO2025;Västra Katarina;;0180R113 Västra Katarina;2024;uppgift saknas;Uppgift saknas;0
0,007719857;;;97;Antal;0180R114_RegSO2025;Västra Matteus;;0180R114 Västra Matteus;2024;äganderätt;Äganderätt;97
0,7143653;8976;;;Antal;0180R114_RegSO2025;Västra Matteus;;0180R114 Västra Matteus;2024;bostadsrätt;Bostadsrätt;8976
0,277914843;;3492;;Antal;0180R114_RegSO2025;Västra Matteus;;0180R114 Västra Matteus;2024;hyresrätt;Hyresrätt;3492
;;;;Antal;0180R114_RegSO2025;Västra Matteus;;0180R114 Västra Matteus;2024;uppgift saknas;Uppgift saknas;0
0;;;0;Antal;0180R115_RegSO2025;Åkeslund;Bromma;0180R115 Åkeslund;2024;äganderätt;Äganderätt;0
0,581501832;1270;;;Antal;0180R115_RegSO2025;Åkeslund;Bromma;0180R115 Åkeslund;2024;bostadsrätt;Bostadsrätt;1270
0,418498168;;914;;Antal;0180R115_RegSO2025;Åkeslund;Bromma;0180R115 Åkeslund;2024;hyresrätt;Hyresrätt;914
;;;;Antal;0180R115_RegSO2025;Åkeslund;Bromma;0180R115 Åkeslund;2024;uppgift saknas;Uppgift saknas;0
0,737127371;;;816;Antal;0180R116_RegSO2025;Ålsten;Bromma;0180R116 Ålsten;2024;äganderätt;Äganderätt;816
0,244805781;271;;;Antal;0180R116_RegSO2025;Ålsten;Bromma;0180R116 Ålsten;2024;bostadsrätt;Bostadsrätt;271
0,018066847;;20;;Antal;0180R116_RegSO2025;Ålsten;Bromma;0180R116 Ålsten;2024;hyresrätt;Hyresrätt;20
;;;;Antal;0180R116_RegSO2025;Ålsten;Bromma;0180R116 Ålsten;2024;uppgift saknas;Uppgift saknas;0
0;;;0;Antal;0180R117_RegSO2025;Årsta;;0180R117 Årsta;2024;äganderätt;Äganderätt;0
0,695158189;7954;;;Antal;0180R117_RegSO2025;Årsta;;0180R117 Årsta;2024;bostadsrätt;Bostadsrätt;7954
0,304841811;;3488;;Antal;0180R117_RegSO2025;Årsta;;0180R117 Årsta;2024;hyresrätt;Hyresrätt;3488
;;;;Antal;0180R117_RegSO2025;Årsta;;0180R117 Årsta;2024;uppgift saknas;Uppgift saknas;0
0,228886169;;;187;Antal;0180R118_RegSO2025;Älvsjö;Hägersten-Älvsjö;0180R118 Älvsjö;2024;äganderätt;Äganderätt;187
0,149326805;122;;;Antal;0180R118_RegSO2025;Älvsjö;Hägersten-Älvsjö;0180R118 Älvsjö;2024;bostadsrätt;Bostadsrätt;122
0,621787026;;508;;Antal;0180R118_RegSO2025;Älvsjö;Hägersten-Älvsjö;0180R118 Älvsjö;2024;hyresrätt;Hyresrätt;508
;;;;Antal;0180R118_RegSO2025;Älvsjö;Hägersten-Älvsjö;0180R118 Älvsjö;2024;uppgift saknas;Uppgift saknas;0
0,514550265;;;389;Antal;0180R119_RegSO2025;Äppelviken;Bromma;0180R119 Äppelviken;2024;äganderätt;Äganderätt;389
0,351851852;266;;;Antal;0180R119_RegSO2025;Äppelviken;Bromma;0180R119 Äppelviken;2024;bostadsrätt;Bostadsrätt;266
0,133597884;;101;;Antal;0180R119_RegSO2025;Äppelviken;Bromma;0180R119 Äppelviken;2024;hyresrätt;Hyresrätt;101
;;;;Antal;0180R119_RegSO2025;Äppelviken;Bromma;0180R119 Äppelviken;2024;uppgift saknas;Uppgift saknas;0
0,542503204;;;1270;Antal;0180R120_RegSO2025;Örby;;0180R120 Örby;2024;äganderätt;Äganderätt;1270
0,264844084;620;;;Antal;0180R120_RegSO2025;Örby;;0180R120 Örby;2024;bostadsrätt;Bostadsrätt;620
0,192652713;;451;;Antal;0180R120_RegSO2025;Örby;;0180R120 Örby;2024;hyresrätt;Hyresrätt;451
;;;;Antal;0180R120_RegSO2025;Örby;;0180R120 Örby;2024;uppgift saknas;Uppgift saknas;0
0,236730361;;;223;Antal;0180R121_RegSO2025;Örby Slott;;0180R121 Örby Slott;2024;äganderätt;Äganderätt;223
0,569002123;536;;;Antal;0180R121_RegSO2025;Örby Slott;;0180R121 Örby Slott;2024;bostadsrätt;Bostadsrätt;536
0,194267516;;183;;Antal;0180R121_RegSO2025;Örby Slott;;0180R121 Örby Slott;2024;hyresrätt;Hyresrätt;183
;;;;Antal;0180R121_RegSO2025;Örby Slott;;0180R121 Örby Slott;2024;uppgift saknas;Uppgift saknas;0
0;;;0;Antal;0180R122_RegSO2025;Östberga;Hägersten-Älvsjö;0180R122 Östberga;2024;äganderätt;Äganderätt;0
0,848249027;2180;;;Antal;0180R122_RegSO2025;Östberga;Hägersten-Älvsjö;0180R122 Östberga;2024;bostadsrätt;Bostadsrätt;2180
0,151750973;;390;;Antal;0180R122_RegSO2025;Östberga;Hägersten-Älvsjö;0180R122 Östberga;2024;hyresrätt;Hyresrätt;390
;;;;Antal;0180R122_RegSO2025;Östberga;Hägersten-Älvsjö;0180R122 Östberga;2024;uppgift saknas;Uppgift saknas;0
0,015037594;;;30;Antal;0180R123_RegSO2025;Östra Farsta Strand;;0180R123 Östra Farsta Strand;2024;äganderätt;Äganderätt;30
0,160401003;320;;;Antal;0180R123_RegSO2025;Östra Farsta Strand;;0180R123 Östra Farsta Strand;2024;bostadsrätt;Bostadsrätt;320
0,824561404;;1645;;Antal;0180R123_RegSO2025;Östra Farsta Strand;;0180R123 Östra Farsta Strand;2024;hyresrätt;Hyresrätt;1645
;;;;Antal;0180R123_RegSO2025;Östra Farsta Strand;;0180R123 Östra Farsta Strand;2024;uppgift saknas;Uppgift saknas;0
0,000397235;;;5;Antal;0180R124_RegSO2025;Östra Katarina;;0180R124 Östra Katarina;2024;äganderätt;Äganderätt;5
0,517279733;6511;;;Antal;0180R124_RegSO2025;Östra Katarina;;0180R124 Östra Katarina;2024;bostadsrätt;Bostadsrätt;6511
0,482323032;;6071;;Antal;0180R124_RegSO2025;Östra Katarina;;0180R124 Östra Katarina;2024;hyresrätt;Hyresrätt;6071
;;;;Antal;0180R124_RegSO2025;Östra Katarina;;0180R124 Östra Katarina;2024;uppgift saknas;Uppgift saknas;0
0;;;0;Antal;0180R125_RegSO2025;Östra Matteus;;0180R125 Östra Matteus;2024;äganderätt;Äganderätt;0
0,72821982;5592;;;Antal;0180R125_RegSO2025;Östra Matteus;;0180R125 Östra Matteus;2024;bostadsrätt;Bostadsrätt;5592
0,27178018;;2087;;Antal;0180R125_RegSO2025;Östra Matteus;;0180R125 Östra Matteus;2024;hyresrätt;Hyresrätt;2087
;;;;Antal;0180R125_RegSO2025;Östra Matteus;;0180R125 Östra Matteus;2024;uppgift saknas;Uppgift saknas;0
0;;;0;Antal;0180R126_RegSO2025;Östra Sankt Göran;;0180R126 Östra Sankt Göran;2024;äganderätt;Äganderätt;0
0,711970776;7601;;;Antal;0180R126_RegSO2025;Östra Sankt Göran;;0180R126 Östra Sankt Göran;2024;bostadsrätt;Bostadsrätt;7601
0,288029224;;3075;;Antal;0180R126_RegSO2025;Östra Sankt Göran;;0180R126 Östra Sankt Göran;2024;hyresrätt;Hyresrätt;3075
;;;;Antal;0180R126_RegSO2025;Östra Sankt Göran;;0180R126 Östra Sankt Göran;2024;uppgift saknas;Uppgift saknas;0
0,208845209;;;170;Antal;0180R127_RegSO2025;Östra Skarpnäcks gård-Flaten-Skrubba;;0180R127 Östra Skarpnäcks gård-Flaten-Skrubba;2024;äganderätt;Äganderätt;170
0,498771499;406;;;Antal;0180R127_RegSO2025;Östra Skarpnäcks gård-Flaten-Skrubba;;0180R127 Östra Skarpnäcks gård-Flaten-Skrubba;2024;bostadsrätt;Bostadsrätt;406
0,292383292;;238;;Antal;0180R127_RegSO2025;Östra Skarpnäcks gård-Flaten-Skrubba;;0180R127 Östra Skarpnäcks gård-Flaten-Skrubba;2024;hyresrätt;Hyresrätt;238
;;;;Antal;0180R127_RegSO2025;Östra Skarpnäcks gård-Flaten-Skrubba;;0180R127 Östra Skarpnäcks gård-Flaten-Skrubba;2024;uppgift saknas;Uppgift saknas;0
1;257568;223826;41259;;;;;;1028192;;;522654
;;;;;;;;;;;;
No filters applied;;;;;;;;;;;;